symbol,launch_date,entry_time,exit_time,entry_price,target_price,stop_loss_price,exit_price,position_size,profit_usd,profit_pct,exit_reason,capital_before,capital_after,duration_minutes,btc_price_change,btc_change_1h_before,btc_change_2h_before,btc_change_4h_before,btc_change_8h_before
PENGUUSDT,2024-12-17 21:30:00,2024-12-17 16:16:00,2024-12-17 16:41:00,0.037464,0.044957,0.033718,0.033718,53384.582533,-200.0,-10.0,Stop Loss,2000.0,1800.0,25,-2.14%,-1.09%,-0.21%,+0.25%,+0.25%
LUMIAUSDT,2024-12-18 16:30:00,2024-12-18 11:31:00,2024-12-18 15:29:00,1.864,2.2368,1.6776,1.861,965.665236,-2.896996,-0.160944,4h Timeout,1800.0,1797.103004,238,-1.99%,+0.94%,+1.18%,+1.19%,-0.27%
USUALUSDT,2024-12-18 18:30:00,2024-12-18 13:01:00,2024-12-18 15:22:00,0.8171,0.98052,0.73539,0.98052,2199.36728,359.420601,20.0,Target Hit,1797.103004,2156.523605,141,-2.83%,-0.43%,+0.05%,+0.75%,+0.69%
AIXBTUSDT,2024-12-20 23:30:00,2024-12-20 18:32:00,2024-12-20 19:39:00,0.27171,0.326052,0.244539,0.326052,7936.857698,431.304721,20.0,Target Hit,2156.523605,2587.828326,67,+0.20%,+0.27%,+0.00%,+1.88%,+2.30%
FARTCOINUSDT,2024-12-20 23:30:00,2024-12-20 18:46:00,2024-12-20 19:06:00,1.0858,1.30296,0.97722,0.97722,2383.337932,-258.782833,-10.0,Stop Loss,2587.828326,2329.045494,20,+0.20%,+0.27%,+0.00%,+1.88%,+2.30%
CGPTUSDT,2024-12-21 00:30:00,2024-12-20 19:16:00,2024-12-20 23:14:00,0.23128,0.277536,0.208152,0.24453,10070.241671,133.430702,5.728987,4h Timeout,2329.045494,2462.476196,238,+0.29%,-0.09%,+0.40%,+1.56%,+2.92%
KMNOUSDT,2024-12-21 00:30:00,2024-12-20 19:01:00,2024-12-20 22:59:00,0.19016,0.228192,0.171144,0.19288,12949.496191,35.22263,1.430374,4h Timeout,2462.476196,2497.698825,238,+0.29%,-0.09%,+0.40%,+1.56%,+2.92%
HIVEUSDT,2024-12-23 16:30:00,2024-12-23 11:31:00,2024-12-23 15:29:00,0.36564,0.438768,0.329076,0.35463,6831.032779,-75.209671,-3.011159,4h Timeout,2497.698825,2422.489154,238,-2.07%,-0.08%,+0.45%,+1.17%,+1.28%
DEXEUSDT,2024-12-24 16:30:00,2024-12-24 11:31:00,2024-12-24 15:29:00,13.021,15.6252,11.7189,12.973,186.044786,-8.93015,-0.368635,4h Timeout,2422.489154,2413.559005,238,+4.19%,+0.35%,-0.10%,+0.51%,+0.47%
DFUSDT,2024-12-30 16:30:00,2024-12-30 11:46:00,2024-12-30 15:44:00,0.09169,0.110028,0.082521,0.09411,26323.034188,63.701743,2.639328,4h Timeout,2413.559005,2477.260747,238,+0.47%,+0.03%,+0.08%,+0.02%,+0.02%
PHAUSDT,2024-12-30 16:30:00,2024-12-30 11:31:00,2024-12-30 15:29:00,0.44789,0.537468,0.403101,0.44184,5530.95793,-33.462295,-1.350778,4h Timeout,2477.260747,2443.798452,238,+0.47%,+0.03%,+0.08%,+0.02%,+0.02%
AI16ZUSDT,2025-01-02 18:30:00,2025-01-02 13:46:00,2025-01-02 17:44:00,2.0594,2.47128,1.85346,2.0736,1186.655556,16.850509,0.689521,4h Timeout,2443.798452,2460.648961,238,-0.36%,-0.28%,-0.26%,+0.32%,+0.78%
GRIFFAINUSDT,2025-01-02 18:30:00,2025-01-02 13:31:00,2025-01-02 17:29:00,0.39354,0.472248,0.354186,0.37125,6252.601923,-139.370497,-5.663973,4h Timeout,2460.648961,2321.278464,238,-0.36%,-0.28%,-0.26%,+0.32%,+0.78%
ZEREBROUSDT,2025-01-02 19:30:00,2025-01-02 14:01:00,2025-01-02 17:59:00,0.667,0.8004,0.6003,0.6423,3480.177607,-85.960387,-3.703148,4h Timeout,2321.278464,2235.318077,238,+0.58%,+0.42%,+0.54%,+0.52%,+1.74%
BIOUSDT,2025-01-03 17:30:00,2025-01-03 12:16:00,2025-01-03 12:59:00,0.7526,0.90312,0.67734,0.90312,2970.12766,447.063615,20.0,Target Hit,2235.318077,2682.381693,43,+1.17%,+0.18%,+0.12%,+0.38%,-0.41%
COOKIEUSDT,2025-01-07 16:30:00,2025-01-07 11:31:00,2025-01-07 15:29:00,0.639,0.7668,0.5751,0.6572,4197.780426,76.399604,2.8482,4h Timeout,2682.381693,2758.781296,238,-6.18%,-0.88%,-1.05%,-0.97%,-0.83%
ALCHUSDT,2025-01-07 16:30:00,2025-01-07 11:46:00,2025-01-07 15:44:00,0.19607,0.235284,0.176463,0.20094,14070.389638,68.522798,2.483807,4h Timeout,2758.781296,2827.304094,238,-6.18%,-0.88%,-1.05%,-0.97%,-0.83%
SWARMSUSDT,2025-01-07 17:30:00,2025-01-07 12:16:00,2025-01-07 12:54:00,0.5009,0.60108,0.45081,0.45081,5644.448181,-282.730409,-10.0,Stop Loss,2827.304094,2544.573684,38,-5.89%,-0.65%,-0.96%,-0.90%,-0.94%
SONICUSDT,2025-01-08 12:30:00,2025-01-08 07:02:00,2025-01-08 11:00:00,0.9642,1.15704,0.86778,0.9314,2639.051737,-86.560897,-3.401784,4h Timeout,2544.573684,2458.012787,238,-2.16%,-0.87%,-0.64%,-1.26%,-1.55%
DUSDT,2025-01-09 15:30:00,2025-01-09 10:01:00,2025-01-09 13:59:00,0.18554,0.222648,0.166986,0.17207,13247.886103,-178.449026,-7.25989,4h Timeout,2458.012787,2279.563762,238,+1.82%,+0.46%,+0.26%,-1.07%,-1.60%
PROMUSDT,2025-01-15 17:30:00,2025-01-15 12:31:00,2025-01-15 14:38:00,8.856,10.6272,7.9704,7.9704,257.403315,-227.956376,-10.0,Stop Loss,2279.563762,2051.607386,127,+2.72%,+0.01%,+0.13%,-0.37%,-0.38%
SUSDT,2025-01-16 15:30:00,2025-01-16 10:01:00,2025-01-16 13:59:00,0.7892,0.94704,0.71028,0.7912,2599.603884,5.199208,0.253421,4h Timeout,2051.607386,2056.806593,238,+3.20%,+0.26%,-0.59%,-0.17%,-0.87%
SOLVUSDT,2025-01-17 17:30:00,2025-01-17 12:16:00,2025-01-17 14:38:00,0.1482,0.17784,0.13338,0.13338,13878.586999,-205.680659,-10.0,Stop Loss,2056.806593,1851.125934,142,+1.19%,+0.41%,+0.87%,+1.29%,+1.68%
AVAAIUSDT,2025-01-17 18:30:00,2025-01-17 13:16:00,2025-01-17 15:29:00,0.22844,0.274128,0.205596,0.205596,8103.335379,-185.112593,-10.0,Stop Loss,1851.125934,1666.013341,133,+1.58%,+0.23%,+0.15%,+0.33%,+0.98%
ARCUSDT,2025-01-17 18:30:00,2025-01-17 13:01:00,2025-01-17 16:59:00,0.33894,0.406728,0.305046,0.35055,4915.363606,57.067371,3.425385,4h Timeout,1666.013341,1723.080712,238,+1.58%,+0.23%,+0.15%,+0.33%,+0.98%
TRUMPUSDT,2025-01-18 18:30:00,2025-01-18 13:01:00,2025-01-18 13:08:00,20.858,25.0296,18.7722,18.7722,82.610064,-172.308071,-10.0,Stop Loss,1723.080712,1550.772641,7,+1.46%,+0.75%,+1.14%,+1.06%,+0.74%
MELANIAUSDT,2025-01-20 14:30:00,2025-01-20 09:31:00,2025-01-20 12:28:00,10.319,12.3828,9.2871,9.2871,150.283229,-155.077264,-10.0,Stop Loss,1550.772641,1395.695377,177,-5.18%,+0.94%,+0.60%,+5.77%,+8.35%
VTHOUSDT,2025-01-22 14:30:00,2025-01-22 09:31:00,2025-01-22 12:42:00,0.008033,0.00964,0.00723,0.00723,173745.223047,-139.569538,-10.0,Stop Loss,1395.695377,1256.125839,191,-3.42%,-0.10%,-0.37%,-0.56%,-0.91%
ANIMEUSDT,2025-01-23 22:30:00,2025-01-23 17:01:00,2025-01-23 20:59:00,0.0884,0.10608,0.07956,0.0854,14209.568315,-42.628705,-3.393665,4h Timeout,1256.125839,1213.497134,238,+1.25%,+0.63%,+0.68%,+4.22%,+3.63%
VINEUSDT,2025-01-24 15:30:00,2025-01-24 10:01:00,2025-01-24 13:59:00,0.19512,0.234144,0.175608,0.19266,6219.235005,-15.299318,-1.260763,4h Timeout,1213.497134,1198.197816,238,-0.58%,-0.08%,+0.35%,+0.18%,+2.11%
PIPPINUSDT,2025-01-24 15:30:00,2025-01-24 10:16:00,2025-01-24 11:05:00,0.13853,0.166236,0.124677,0.124677,8649.374258,-119.819782,-10.0,Stop Loss,1198.197816,1078.378034,49,-0.58%,-0.08%,+0.35%,+0.18%,+2.11%
VVVUSDT,2025-01-29 13:30:00,2025-01-29 08:16:00,2025-01-29 08:57:00,10.722,12.8664,9.6498,9.6498,100.576202,-107.837803,-10.0,Stop Loss,1078.378034,970.540231,41,+2.24%,-0.07%,+0.46%,+0.68%,+1.38%
BERAUSDT,2025-02-06 20:30:00,2025-02-06 15:01:00,2025-02-06 15:11:00,10.405,12.486,9.3645,9.3645,93.276332,-97.054023,-10.0,Stop Loss,970.540231,873.486208,10,+0.46%,-1.29%,-1.03%,-1.70%,-1.07%
TSTUSDT,2025-02-09 18:30:00,2025-02-09 13:01:00,2025-02-09 13:08:00,0.352,0.4224,0.3168,0.3168,2481.494909,-87.348621,-10.0,Stop Loss,873.486208,786.137587,7,+1.74%,-0.70%,-0.91%,-1.24%,-1.38%
LAYERUSDT,2025-02-11 20:30:00,2025-02-11 15:46:00,2025-02-11 16:28:00,0.7667,0.92004,0.69003,0.69003,1025.352272,-78.613759,-10.0,Stop Loss,786.137587,707.523828,42,-1.18%,+0.21%,-0.78%,-0.97%,-1.44%
HEIUSDT,2025-02-13 14:30:00,2025-02-13 09:01:00,2025-02-13 09:31:00,0.9735,1.1682,0.87615,1.1682,726.783594,141.504766,20.0,Target Hit,707.523828,849.028594,30,+1.21%,+0.20%,+0.21%,-0.69%,-1.59%
B3USDT,2025-02-13 16:30:00,2025-02-13 11:31:00,2025-02-13 15:29:00,0.01336,0.016032,0.012024,0.01292,63550.044465,-27.96202,-3.293413,4h Timeout,849.028594,821.066574,238,+0.76%,-0.35%,-0.02%,-0.14%,-1.59%
IPUSDT,2025-02-13 22:30:00,2025-02-13 17:01:00,2025-02-13 20:59:00,1.75791,2.109492,1.582119,1.7896,467.069744,14.80144,1.802709,4h Timeout,821.066574,835.868015,238,+3.32%,-0.32%,-0.17%,-0.13%,-0.26%
GPSUSDT,2025-02-17 22:30:00,2025-02-17 17:01:00,2025-02-17 18:22:00,0.121,0.1452,0.1089,0.1089,6908.000121,-83.586801,-10.0,Stop Loss,835.868015,752.281213,81,-1.29%,-0.19%,-1.36%,-1.01%,-0.69%
SHELLUSDT,2025-02-17 22:30:00,2025-02-17 17:16:00,2025-02-17 21:14:00,0.4353,0.52236,0.39177,0.4301,1728.190244,-8.986589,-1.194578,4h Timeout,752.281213,743.294624,238,-1.29%,-0.19%,-1.36%,-1.01%,-0.69%
KAITOUSDT,2025-02-20 18:30:00,2025-02-20 13:01:00,2025-02-20 13:04:00,1.174,1.4088,1.0566,1.4088,633.130003,148.658925,20.0,Target Hit,743.294624,891.953549,3,+1.96%,+0.36%,+0.19%,+0.42%,+0.35%
IPUSDC,2025-03-05 15:30:00,2025-03-05 10:20:00,2025-03-05 14:18:00,5.67849,6.814188,5.110641,5.37227,157.075833,-48.099762,-5.392631,4h Timeout,891.953549,843.853787,238,+3.19%,+2.47%,+2.63%,+3.19%,+2.60%
KAITOUSDC,2025-03-05 15:30:00,2025-03-05 10:10:00,2025-03-05 14:08:00,1.8558,2.22696,1.67022,1.8567,454.7116,0.40924,0.048497,4h Timeout,843.853787,844.263028,238,+3.19%,+2.47%,+2.63%,+3.19%,+2.60%
ADAUSDC,2025-03-06 15:30:00,2025-03-06 10:18:00,2025-03-06 14:16:00,0.9549,1.14588,0.85941,0.9273,884.137635,-24.402199,-2.890355,4h Timeout,844.263028,819.860829,238,-1.64%,+0.15%,-0.06%,-1.56%,+0.26%
TRUMPUSDC,2025-03-06 15:30:00,2025-03-06 10:02:00,2025-03-06 14:00:00,13.326,15.9912,11.9934,13.324,61.5234,-0.123047,-0.015008,4h Timeout,819.860829,819.737782,238,-1.64%,+0.15%,-0.06%,-1.56%,+0.26%
REDUSDT,2025-03-06 21:30:00,2025-03-06 16:01:00,2025-03-06 16:36:00,0.8584,1.03008,0.77256,0.77256,954.960137,-81.973778,-10.0,Stop Loss,819.737782,737.764004,35,-3.95%,-0.54%,-0.28%,-2.23%,-2.22%
PNUTUSDC,2025-03-07 15:30:00,2025-03-07 10:03:00,2025-03-07 14:01:00,0.19231,0.230772,0.173079,0.18852,3836.326784,-14.539679,-1.970776,4h Timeout,737.764004,723.224325,238,-3.16%,+1.02%,+1.02%,+1.18%,+1.13%
HBARUSDC,2025-03-07 15:30:00,2025-03-07 10:18:00,2025-03-07 14:16:00,0.2537,0.30444,0.22833,0.2547,2850.70684,2.850707,0.394166,4h Timeout,723.224325,726.075032,238,-3.16%,+1.02%,+1.02%,+1.18%,+1.13%
VICUSDT,2025-03-12 22:30:00,2025-03-12 17:01:00,2025-03-12 17:16:00,0.342,0.4104,0.3078,0.4104,2123.02641,145.215006,20.0,Target Hit,726.075032,871.290039,15,-2.33%,+0.13%,+0.38%,-2.65%,-1.02%
EPICUSDT,2025-03-13 13:30:00,2025-03-13 08:01:00,2025-03-13 08:18:00,1.6697,2.00364,1.50273,1.50273,521.824303,-87.129004,-10.0,Stop Loss,871.290039,784.161035,17,-0.67%,-0.38%,-0.22%,-0.72%,-0.84%
BMTUSDT,2025-03-17 18:30:00,2025-03-17 13:31:00,2025-03-17 14:07:00,0.1219,0.14628,0.10971,0.14628,6432.82227,156.832207,20.0,Target Hit,784.161035,940.993242,36,-2.03%,-0.59%,-0.39%,-0.63%,-0.71%
MUBARAKUSDT,2025-03-17 18:30:00,2025-03-17 13:46:00,2025-03-17 14:17:00,0.0978,0.11736,0.08802,0.11736,9621.607787,188.198648,20.0,Target Hit,940.993242,1129.19189,31,-2.03%,-0.59%,-0.39%,-0.63%,-0.71%
FORMUSDT,2025-03-19 13:30:00,2025-03-19 08:01:00,2025-03-19 08:01:00,1.6338,1.96056,1.47042,1.47042,691.144504,-112.919189,-10.0,Stop Loss (Same Candle),1129.19189,1016.272701,0,+3.67%,+0.26%,+0.21%,+0.45%,+0.84%
BIDUSDT,2025-03-20 14:30:00,2025-03-20 09:31:00,2025-03-20 13:29:00,0.09408,0.112896,0.084672,0.09355,10802.218335,-5.725176,-0.56335,4h Timeout,1016.272701,1010.547525,238,-2.44%,+0.07%,+0.14%,+0.22%,-0.16%
TUTUSDT,2025-03-20 14:30:00,2025-03-20 09:01:00,2025-03-20 12:59:00,0.04323,0.051876,0.038907,0.04668,23376.070442,80.647443,7.980569,4h Timeout,1010.547525,1091.194968,238,-2.44%,+0.07%,+0.14%,+0.22%,-0.16%
BROCCOLI714USDT,2025-03-21 14:30:00,2025-03-21 09:01:00,2025-03-21 11:42:00,0.04461,0.053532,0.040149,0.040149,24460.770416,-109.119497,-10.0,Stop Loss,1091.194968,982.075471,161,+0.40%,+0.24%,-0.07%,-0.62%,-0.44%
BROCCOLIF3BUSDT,2025-03-21 14:30:00,2025-03-21 09:16:00,2025-03-21 13:14:00,0.019016,0.022819,0.017114,0.018512,51644.692439,-26.028925,-2.6504,4h Timeout,982.075471,956.046546,238,+0.40%,+0.24%,-0.07%,-0.62%,-0.44%
BRUSDT,2025-03-21 17:30:00,2025-03-21 12:46:00,2025-03-21 16:44:00,0.1684,0.20208,0.15156,0.164,5677.236024,-24.979839,-2.612827,4h Timeout,956.046546,931.066708,238,+0.22%,-0.83%,-0.80%,-0.56%,-1.17%
PLUMEUSDT,2025-03-21 18:30:00,2025-03-21 13:01:00,2025-03-21 16:59:00,0.2006,0.24072,0.18054,0.1979,4641.409312,-12.531805,-1.345962,4h Timeout,931.066708,918.534903,238,+0.84%,-0.13%,-0.27%,-0.10%,-0.86%
SIRENUSDT,2025-03-22 14:30:00,2025-03-22 09:01:00,2025-03-22 09:24:00,0.08826,0.105912,0.079434,0.079434,10407.14823,-91.85349,-10.0,Stop Loss,918.534903,826.681413,23,+0.12%,+0.10%,+0.03%,-0.01%,+0.18%
BANANAS31USDT,2025-03-22 14:30:00,2025-03-22 09:16:00,2025-03-22 09:26:00,0.004802,0.005762,0.004322,0.005762,172153.563622,165.336283,20.0,Target Hit,826.681413,992.017695,10,+0.12%,+0.10%,+0.03%,-0.01%,+0.18%
NILUSDT,2025-03-24 18:30:00,2025-03-24 13:01:00,2025-03-24 13:39:00,0.8481,1.01772,0.76329,0.76329,1169.694252,-99.20177,-10.0,Stop Loss,992.017695,892.815926,38,+0.30%,+0.02%,-0.11%,+0.33%,+0.99%
PARTIUSDT,2025-03-25 18:30:00,2025-03-25 13:01:00,2025-03-25 13:01:00,0.2715,0.3258,0.24435,0.3258,3288.456448,178.563185,20.0,Target Hit (Same Candle),892.815926,1071.379111,0,-0.28%,+0.26%,+0.53%,+1.01%,+1.21%
JELLYJELLYUSDT,2025-03-26 21:30:00,2025-03-26 16:01:00,2025-03-26 17:28:00,0.0255,0.0306,0.02295,0.02295,42014.867083,-107.137911,-10.0,Stop Loss,1071.379111,964.2412,87,+0.10%,-0.30%,-0.38%,-1.64%,-1.85%
MAVIAUSDT,2025-03-26 22:30:00,2025-03-26 17:01:00,2025-03-26 18:33:00,0.4323,0.51876,0.38907,0.51876,2230.490862,192.84824,20.0,Target Hit,964.2412,1157.089439,92,+0.46%,-0.21%,-0.23%,-1.42%,-1.58%
PAXGUSDT,2025-03-27 15:30:00,2025-03-27 10:31:00,2025-03-27 14:29:00,3055.39,3666.468,2749.851,3055.71,0.378704,0.121185,0.010473,4h Timeout,1157.089439,1157.210625,238,-2.83%,-0.27%,-0.23%,-0.14%,-0.21%
WALUSDT,2025-03-27 20:30:00,2025-03-27 15:31:00,2025-03-27 19:29:00,0.4791,0.57492,0.43119,0.5463,2415.384314,162.313826,14.026299,4h Timeout,1157.210625,1319.524451,238,-3.72%,+0.68%,+0.25%,-0.25%,-0.43%
ETHUSDT_250926,2025-03-28 13:30:00,2025-03-28 08:07:00,2025-03-28 12:05:00,1969.55,2363.46,1772.595,1941.91,0.669962,-18.517761,-1.403366,4h Timeout,1319.524451,1301.00669,238,-1.50%,-0.59%,-0.98%,-1.81%,-2.31%
BTCUSDT_250926,2025-03-28 13:30:00,2025-03-28 08:06:00,2025-03-28 12:04:00,88540.0,106248.0,79686.0,87661.5,0.014694,-12.908678,-0.992207,4h Timeout,1301.00669,1288.098012,238,-1.50%,-0.59%,-0.98%,-1.81%,-2.31%
FUNUSDT,2025-03-31 13:30:00,2025-03-31 08:31:00,2025-03-31 10:22:00,0.005141,0.006169,0.004627,0.004627,250553.980088,-128.809801,-10.0,Stop Loss,1288.098012,1159.28821,111,+2.67%,-0.19%,-0.33%,+0.45%,-0.60%
MLNUSDT,2025-03-31 13:30:00,2025-03-31 08:46:00,2025-03-31 09:35:00,12.31,14.772,11.079,14.772,94.174509,231.857642,20.0,Target Hit,1159.28821,1391.145853,49,+2.67%,-0.19%,-0.33%,+0.45%,-0.60%
GUNUSDT,2025-03-31 18:30:00,2025-03-31 13:01:00,2025-03-31 14:02:00,0.0949,0.11388,0.08541,0.11388,14659.071155,278.229171,20.0,Target Hit,1391.145853,1669.375023,61,+1.03%,+0.37%,+0.41%,+0.74%,+0.81%
ATHUSDT,2025-04-02 20:30:00,2025-04-02 15:46:00,2025-04-02 19:44:00,0.03165,0.03798,0.028485,0.03,52744.866448,-87.02903,-5.21327,4h Timeout,1669.375023,1582.345993,238,-4.47%,+1.81%,+2.01%,+2.23%,+3.13%
BABYUSDT,2025-04-05 18:30:00,2025-04-05 13:31:00,2025-04-05 16:11:00,0.06588,0.079056,0.059292,0.059292,24018.609494,-158.234599,-10.0,Stop Loss,1582.345993,1424.111394,160,-1.17%,-0.84%,-1.06%,-0.92%,-1.10%
FORTHUSDT,2025-04-08 13:30:00,2025-04-08 08:31:00,2025-04-08 12:29:00,2.529,3.0348,2.2761,2.596,563.112453,37.728534,2.649268,4h Timeout,1424.111394,1461.839928,238,-2.76%,-0.37%,-0.90%,-0.94%,-0.01%
PROMPTUSDT,2025-04-11 11:30:00,2025-04-11 06:31:00,2025-04-11 10:29:00,0.1815,0.2178,0.16335,0.1857,8054.214482,33.827701,2.31405,4h Timeout,1461.839928,1495.667629,238,+3.40%,+0.26%,+0.32%,+0.81%,+1.74%
XCNUSDT,2025-04-11 20:30:00,2025-04-11 15:31:00,2025-04-11 19:29:00,0.02396,0.028752,0.021564,0.02605,62423.52376,130.465165,8.722871,4h Timeout,1495.667629,1626.132794,238,+3.80%,-0.49%,+0.49%,-0.22%,+1.75%
STOUSDT,2025-04-12 19:30:00,2025-04-12 14:46:00,2025-04-12 14:54:00,0.08856,0.106272,0.079704,0.106272,18361.933084,325.226559,20.0,Target Hit,1626.132794,1951.359353,8,-0.43%,+1.19%,+1.56%,+1.53%,+1.79%
FHEUSDT,2025-04-12 20:30:00,2025-04-12 15:01:00,2025-04-12 15:42:00,0.07706,0.092472,0.069354,0.092472,25322.597362,390.271871,20.0,Target Hit,1951.359353,2341.631223,41,-1.15%,+0.65%,+1.41%,+1.90%,+1.72%
KERNELUSDT,2025-04-14 17:30:00,2025-04-14 12:01:00,2025-04-14 12:20:00,0.3318,0.39816,0.29862,0.39816,7057.357514,468.326245,20.0,Target Hit,2341.631223,2809.957468,19,+1.05%,+0.56%,+0.81%,+0.65%,+0.67%
WCTUSDT,2025-04-15 16:30:00,2025-04-15 11:01:00,2025-04-15 11:32:00,0.3694,0.44328,0.33246,0.33246,7606.815019,-280.995747,-10.0,Stop Loss,2809.957468,2528.961721,31,-1.86%,-0.46%,-0.30%,+0.23%,+0.42%
INITUSDT,2025-04-16 11:30:00,2025-04-16 06:31:00,2025-04-16 08:45:00,0.6328,0.75936,0.56952,0.75936,3996.462897,505.792344,20.0,Target Hit,2528.961721,3034.754065,134,+1.69%,+0.07%,-0.06%,+0.01%,-0.63%
AERGOUSDT,2025-04-16 16:30:00,2025-04-16 11:01:00,2025-04-16 11:02:00,0.35261,0.423132,0.317349,0.423132,8606.545661,606.950813,20.0,Target Hit,3034.754065,3641.704878,1,+0.74%,+0.54%,+0.37%,+0.48%,+0.18%
BANKUSDT,2025-04-18 23:30:00,2025-04-18 18:31:00,2025-04-18 18:38:00,0.048235,0.057882,0.043412,0.057882,75499.220036,728.340976,20.0,Target Hit,3641.704878,4370.045854,7,+0.68%,+0.16%,+0.29%,+0.05%,+0.08%
EPTUSDT,2025-04-21 18:30:00,2025-04-21 13:01:00,2025-04-21 13:10:00,0.01765,0.02118,0.015885,0.015885,247594.665956,-437.004585,-10.0,Stop Loss,4370.045854,3933.041269,9,+3.67%,+0.06%,-0.37%,-0.62%,-0.37%
DEEPUSDT,2025-04-22 13:30:00,2025-04-22 08:31:00,2025-04-22 12:05:00,0.12471,0.149652,0.112239,0.112239,31537.497143,-393.304127,-10.0,Stop Loss,3933.041269,3539.737142,214,+6.57%,+0.19%,+0.03%,+0.29%,+1.03%
HYPERUSDT,2025-04-22 18:30:00,2025-04-22 13:01:00,2025-04-22 16:59:00,0.2456,0.29472,0.22104,0.2552,14412.610512,138.361061,3.908795,4h Timeout,3539.737142,3678.098203,238,+4.53%,+1.83%,+1.95%,+2.06%,+2.47%
FISUSDT,2025-04-25 12:30:00,2025-04-25 07:31:00,2025-04-25 11:29:00,0.20079,0.240948,0.180711,0.21107,18318.134383,188.310421,5.119777,4h Timeout,3678.098203,3866.408624,238,+1.10%,+0.61%,+0.77%,+0.84%,+0.37%
JSTUSDT,2025-04-28 14:30:00,2025-04-28 09:31:00,2025-04-28 13:29:00,0.039776,0.047731,0.035798,0.039284,97204.561148,-47.824644,-1.236927,4h Timeout,3866.408624,3818.58398,238,+0.30%,+0.05%,+0.16%,+0.75%,+1.41%
SIGNUSDT,2025-04-28 16:30:00,2025-04-28 11:01:00,2025-04-28 14:59:00,0.0742,0.08904,0.06678,0.07693,51463.395959,140.495071,3.679245,4h Timeout,3818.58398,3959.079051,238,+0.07%,+0.61%,+0.65%,+0.78%,+1.81%
PUNDIXUSDT,2025-04-30 15:30:00,2025-04-30 10:01:00,2025-04-30 13:15:00,0.555,0.666,0.4995,0.4995,7133.475768,-395.907905,-10.0,Stop Loss,3959.079051,3563.171146,194,+1.26%,+0.24%,+0.34%,+0.06%,+0.44%
CTKUSDT,2025-04-30 15:30:00,2025-04-30 10:16:00,2025-04-30 14:14:00,0.4698,0.56376,0.42282,0.4532,7584.442627,-125.901748,-3.533418,4h Timeout,3563.171146,3437.269398,238,+1.26%,+0.24%,+0.34%,+0.06%,+0.44%
AIOTUSDT,2025-04-30 17:30:00,2025-04-30 12:31:00,2025-04-30 12:43:00,0.22979,0.275748,0.206811,0.275748,14958.307143,687.45388,20.0,Target Hit,3437.269398,4124.723278,12,+1.26%,-0.41%,-0.44%,-0.07%,-0.50%
HAEDALUSDT,2025-05-01 08:30:00,2025-05-01 03:16:00,2025-05-01 06:13:00,0.108356,0.130027,0.09752,0.130027,38066.404058,824.944656,20.0,Target Hit,4124.723278,4949.667934,177,+2.36%,+0.15%,+0.40%,+0.71%,+0.75%
DOLOUSDT,2025-05-01 08:30:00,2025-05-01 03:01:00,2025-05-01 06:59:00,0.055146,0.066175,0.049631,0.061644,89755.70184,583.232551,11.783266,4h Timeout,4949.667934,5532.900484,238,+2.36%,+0.15%,+0.40%,+0.71%,+0.75%
SXTUSDT,2025-05-02 13:30:00,2025-05-02 08:31:00,2025-05-02 08:31:00,0.53763,0.645156,0.483867,0.645156,10291.279289,1106.580097,20.0,Target Hit (Same Candle),5532.900484,6639.480581,0,-0.07%,-0.08%,-0.07%,-0.48%,+0.15%
ASRUSDT,2025-05-06 14:30:00,2025-05-06 09:31:00,2025-05-06 10:48:00,2.225,2.67,2.0025,2.0025,2984.036216,-663.948058,-10.0,Stop Loss,6639.480581,5975.532523,77,+2.76%,-0.20%,-0.30%,-0.38%,-0.41%
ALPINEUSDT,2025-05-06 14:30:00,2025-05-06 09:46:00,2025-05-06 10:21:00,1.2006,1.44072,1.08054,1.08054,4977.121875,-597.553252,-10.0,Stop Loss,5975.532523,5377.979271,35,+2.76%,-0.20%,-0.30%,-0.38%,-0.41%
MILKUSDT,2025-05-06 18:30:00,2025-05-06 13:46:00,2025-05-06 17:44:00,0.12477,0.149724,0.112293,0.12451,43103.14395,-11.206817,-0.208383,4h Timeout,5377.979271,5366.772453,238,+3.29%,-0.21%,-0.35%,-0.80%,-1.01%
B2USDT,2025-05-06 18:30:00,2025-05-06 13:31:00,2025-05-06 17:29:00,0.6779,0.81348,0.61011,0.6484,7916.761253,-233.544457,-4.351674,4h Timeout,5366.772453,5133.227996,238,+3.29%,-0.21%,-0.35%,-0.80%,-1.01%
SYRUPUSDT,2025-05-07 13:30:00,2025-05-07 08:31:00,2025-05-07 12:23:00,0.23522,0.282264,0.211698,0.211698,21823.093259,-513.3228,-10.0,Stop Loss,5133.227996,4619.905197,232,+2.75%,+0.48%,+0.67%,+0.54%,+0.20%
OBOLUSDT,2025-05-07 15:30:00,2025-05-07 10:31:00,2025-05-07 10:58:00,0.41434,0.497208,0.372906,0.372906,11150.034263,-461.99052,-10.0,Stop Loss,4619.905197,4157.914677,27,+2.89%,+0.01%,+0.04%,+0.67%,-0.22%
DOODUSDT,2025-05-09 18:30:00,2025-05-09 13:31:00,2025-05-09 13:43:00,0.008187,0.009824,0.007368,0.007368,507874.12537,-415.791468,-10.0,Stop Loss,4157.914677,3742.123209,12,+0.71%,+0.66%,+0.25%,+0.65%,+0.78%
OGUSDT,2025-05-12 14:30:00,2025-05-12 09:01:00,2025-05-12 12:59:00,5.584,6.7008,5.0256,5.606,670.151005,14.743322,0.393983,4h Timeout,3742.123209,3756.866531,238,-1.11%,-0.01%,+0.07%,+0.37%,-0.12%
ZKJUSDT,2025-05-13 14:30:00,2025-05-13 09:31:00,2025-05-13 13:29:00,2.136,2.5632,1.9224,2.13,1758.832646,-10.552996,-0.280899,4h Timeout,3756.866531,3746.313536,238,+0.74%,+0.77%,+0.88%,+0.69%,+1.17%
SKYAIUSDT,2025-05-13 14:30:00,2025-05-13 09:46:00,2025-05-13 13:44:00,0.05771,0.069252,0.051939,0.06204,64916.19365,281.087119,7.503032,4h Timeout,3746.313536,4027.400654,238,+0.74%,+0.77%,+0.88%,+0.69%,+1.17%
NXPCUSDT,2025-05-15 11:30:00,2025-05-15 06:31:00,2025-05-15 06:36:00,2.45001,2.940012,2.205009,2.940012,1643.830292,805.480131,20.0,Target Hit,4027.400654,4832.880785,5,+1.58%,-0.63%,-0.49%,-0.76%,-1.35%
CVCUSDT,2025-05-16 13:30:00,2025-05-16 08:31:00,2025-05-16 12:29:00,0.132,0.1584,0.1188,0.1316,36612.733218,-14.645093,-0.30303,4h Timeout,4832.880785,4818.235692,238,-0.27%,-0.58%,-0.49%,-0.61%,-0.36%
AGTUSDT,2025-05-20 15:30:00,2025-05-20 10:31:00,2025-05-20 14:29:00,0.030619,0.036743,0.027557,0.032191,157360.974935,247.371453,5.134067,4h Timeout,4818.235692,5065.607144,238,+0.99%,-0.18%,+0.01%,-1.01%,-1.33%
AWEUSDT,2025-05-21 13:30:00,2025-05-21 08:01:00,2025-05-21 11:59:00,0.067063,0.080476,0.060357,0.068003,75535.051282,71.002948,1.401667,4h Timeout,5065.607144,5136.610092,238,+3.64%,-1.28%,-1.09%,-0.44%,-0.45%
BUSDT,2025-05-22 21:30:00,2025-05-22 16:31:00,2025-05-22 16:53:00,0.24311,0.291732,0.218799,0.291732,21128.748683,1027.322018,20.0,Target Hit,5136.610092,6163.932111,22,-2.00%,+0.32%,+0.30%,+0.24%,+0.19%
SOONUSDT,2025-05-23 13:30:00,2025-05-23 08:31:00,2025-05-23 12:29:00,0.53875,0.6465,0.484875,0.5731,11441.173292,393.004303,6.37587,4h Timeout,6163.932111,6556.936413,238,-2.23%,+0.37%,+0.07%,-0.15%,-0.68%
HUMAUSDT,2025-05-26 18:30:00,2025-05-26 13:01:00,2025-05-26 13:07:00,0.086779,0.104135,0.078101,0.078101,75559.022498,-655.693641,-10.0,Stop Loss,6556.936413,5901.242772,6,+0.01%,-0.16%,-0.04%,-0.06%,+0.05%
AUSDT,2025-05-28 13:30:00,2025-05-28 08:02:00,2025-05-28 12:00:00,0.74956,0.899472,0.674604,0.75857,7872.942489,70.935212,1.202039,4h Timeout,5901.242772,5972.177984,238,-0.30%,+0.29%,+0.04%,+0.16%,+0.09%
SOPHUSDT,2025-05-28 18:30:00,2025-05-28 13:01:00,2025-05-28 13:02:00,0.070881,0.085057,0.063793,0.063793,84256.401347,-597.217798,-10.0,Stop Loss,5972.177984,5374.960185,1,-1.19%,-0.74%,-0.70%,-0.89%,-0.83%
MERLUSDT,2025-05-29 13:30:00,2025-05-29 08:31:00,2025-05-29 08:50:00,0.1524,0.18288,0.13716,0.13716,35268.767621,-537.496019,-10.0,Stop Loss,5374.960185,4837.464167,19,-2.51%,+0.53%,+0.75%,+0.41%,+0.66%
HYPEUSDT,2025-05-30 15:30:00,2025-05-30 10:31:00,2025-05-30 14:29:00,33.363,40.0356,30.0267,31.853,144.99488,-218.942268,-4.525972,4h Timeout,4837.464167,4618.521899,238,-2.10%,+0.71%,+0.85%,-0.15%,+0.24%
BDXNUSDT,2025-06-03 15:30:00,2025-06-03 10:31:00,2025-06-03 10:35:00,0.09141,0.109692,0.082269,0.082269,50525.346229,-461.85219,-10.0,Stop Loss,4618.521899,4156.669709,4,+0.48%,+0.18%,+0.10%,-0.16%,-1.13%
PUFFERUSDT,2025-06-04 13:30:00,2025-06-04 08:31:00,2025-06-04 12:29:00,0.22884,0.274608,0.205956,0.21811,18164.087174,-194.900655,-4.688866,4h Timeout,4156.669709,3961.769054,238,-0.61%,+0.13%,+0.08%,-0.08%,+0.06%
PORT3USDT,2025-06-04 13:30:00,2025-06-04 08:46:00,2025-06-04 12:44:00,0.04812,0.057744,0.043308,0.0521,82331.027713,327.67749,8.270989,4h Timeout,3961.769054,4289.446544,238,-0.61%,+0.13%,+0.08%,-0.08%,+0.06%
1000000BOBUSDT,2025-06-05 13:30:00,2025-06-05 08:31:00,2025-06-05 08:43:00,0.09498,0.113976,0.085482,0.113976,45161.576583,857.889309,20.0,Target Hit,4289.446544,5147.335853,12,-0.96%,+0.21%,+0.02%,-0.35%,-0.02%
LAUSDT,2025-06-05 14:30:00,2025-06-05 09:01:00,2025-06-05 10:22:00,1.024,1.2288,0.9216,1.2288,5026.695169,1029.467171,20.0,Target Hit,5147.335853,6176.803023,81,-0.99%,+0.37%,+0.43%,-0.26%,-0.07%
SKATEUSDT,2025-06-09 15:30:00,2025-06-09 10:31:00,2025-06-09 10:52:00,0.07524,0.090288,0.067716,0.067716,82094.670695,-617.680302,-10.0,Stop Loss,6176.803023,5559.122721,21,+2.52%,+1.18%,+1.53%,+1.71%,+1.57%
HOMEUSDT,2025-06-10 16:30:00,2025-06-10 11:31:00,2025-06-10 11:35:00,0.026116,0.031339,0.023504,0.023504,212862.717139,-555.912272,-10.0,Stop Loss,5559.122721,5003.210449,4,-0.05%,+0.03%,+0.42%,+0.04%,-0.10%
RESOLVUSDT,2025-06-10 18:30:00,2025-06-10 13:31:00,2025-06-10 14:04:00,0.19038,0.228456,0.171342,0.228456,26280.12632,1000.64209,20.0,Target Hit,5003.210449,6003.852538,33,-0.01%,-0.22%,+0.00%,+0.20%,-0.20%
TAIKOUSDT,2025-06-11 17:30:00,2025-06-11 12:31:00,2025-06-11 16:29:00,0.5584,0.67008,0.50256,0.5679,10751.884918,102.142907,1.701289,4h Timeout,6003.852538,6105.995445,238,-2.07%,+0.31%,+0.41%,+0.24%,-0.01%
SQDUSDT,2025-06-11 17:30:00,2025-06-11 12:46:00,2025-06-11 16:44:00,0.2548,0.30576,0.22932,0.28284,23963.875374,671.947065,11.00471,4h Timeout,6105.995445,6777.942511,238,-2.07%,+0.31%,+0.41%,+0.24%,-0.01%
PUMPBTCUSDT,2025-06-13 15:30:00,2025-06-13 10:01:00,2025-06-13 10:25:00,0.04767,0.057204,0.042903,0.042903,142184.655143,-677.794251,-10.0,Stop Loss,6777.942511,6100.14826,24,+0.17%,+0.13%,-0.02%,+0.84%,+1.06%
UNIUSDC,2025-06-16 13:30:00,2025-06-16 08:46:00,2025-06-16 12:44:00,7.64,9.168,6.876,7.757,798.448725,93.418501,1.531414,4h Timeout,6100.14826,6193.56676,238,-0.46%,+0.56%,+0.58%,+1.19%,+1.50%
AAVEUSDC,2025-06-16 13:30:00,2025-06-16 08:32:00,2025-06-16 12:30:00,287.58,345.096,258.822,284.52,21.536848,-65.902755,-1.064052,4h Timeout,6193.56676,6127.664005,238,-0.46%,+0.56%,+0.58%,+1.19%,+1.50%
SPKUSDT,2025-06-17 14:30:00,2025-06-17 09:01:00,2025-06-17 09:36:00,0.05858,0.070296,0.052722,0.052722,104603.345944,-612.766401,-10.0,Stop Loss,6127.664005,5514.897605,35,-1.76%,-0.56%,-0.63%,-1.09%,-1.01%
FUSDT,2025-06-18 17:30:00,2025-06-18 12:46:00,2025-06-18 16:44:00,0.009136,0.010963,0.008222,0.009289,603644.659027,92.357633,1.674694,4h Timeout,5514.897605,5607.255238,238,-0.08%,+0.24%,-0.17%,-0.44%,-0.64%
MYXUSDT,2025-06-18 17:30:00,2025-06-18 12:31:00,2025-06-18 13:25:00,0.08073,0.096876,0.072657,0.072657,69456.896293,-560.725524,-10.0,Stop Loss,5607.255238,5046.529714,54,-0.08%,+0.24%,-0.17%,-0.44%,-0.64%
NEWTUSDT,2025-06-19 19:30:00,2025-06-19 14:31:00,2025-06-19 14:33:00,0.2412,0.28944,0.21708,0.28944,20922.594171,1009.305943,20.0,Target Hit,5046.529714,6055.835657,2,-0.33%,-0.58%,-0.60%,-0.81%,-0.71%
DMCUSDT,2025-06-24 18:30:00,2025-06-24 13:01:00,2025-06-24 14:41:00,0.004124,0.004949,0.003712,0.004949,1468437.356139,1211.167131,20.0,Target Hit,6055.835657,7267.002788,100,+2.58%,-0.10%,-0.21%,+0.07%,+0.23%
HUSDT,2025-06-25 14:30:00,2025-06-25 09:31:00,2025-06-25 09:34:00,0.0346,0.04152,0.03114,0.04152,210028.982314,1453.400558,20.0,Target Hit,7267.002788,8720.403346,3,+0.65%,+0.03%,+0.21%,+0.41%,+0.21%
OLUSDT,2025-06-25 16:30:00,2025-06-25 11:31:00,2025-06-25 15:29:00,0.034,0.0408,0.0306,0.03652,256482.451343,646.335777,7.411765,4h Timeout,8720.403346,9366.739123,238,+0.19%,+0.53%,+0.53%,+0.75%,+0.68%
SAHARAUSDT,2025-06-26 17:30:00,2025-06-26 12:01:00,2025-06-26 12:46:00,0.13526,0.162312,0.121734,0.121734,69249.882619,-936.673912,-10.0,Stop Loss,9366.739123,8430.065211,45,-0.59%,-0.25%,-0.19%,-0.64%,-0.68%
BTCUSDT_251226,2025-06-27 13:30:00,2025-06-27 08:12:00,2025-06-27 12:10:00,113501.1,136201.32,102150.99,110299.1,0.074273,-237.82209,-2.821118,4h Timeout,8430.065211,8192.243121,238,+0.48%,-0.26%,-0.25%,-0.45%,+0.05%
ETHUSDT_251226,2025-06-27 13:30:00,2025-06-27 08:11:00,2025-06-27 12:09:00,2460.0,2952.0,2214.0,2514.08,3.33018,180.096141,2.198374,4h Timeout,8192.243121,8372.339262,238,+0.48%,-0.26%,-0.25%,-0.45%,+0.05%
ICNTUSDT,2025-07-03 18:30:00,2025-07-03 13:01:00,2025-07-03 13:02:00,0.3445,0.4134,0.31005,0.4134,24302.871589,1674.467852,20.0,Target Hit,8372.339262,10046.807115,1,-1.10%,+0.60%,+0.38%,+0.80%,+1.35%
IDOLUSDT,2025-07-04 14:30:00,2025-07-04 09:16:00,2025-07-04 09:41:00,0.01592,0.019104,0.014328,0.014328,631080.84892,-1004.680711,-10.0,Stop Loss,10046.807115,9042.126403,25,-0.63%,+0.27%,-0.03%,+0.01%,-0.44%
BULLAUSDT,2025-07-04 14:30:00,2025-07-04 09:01:00,2025-07-04 09:01:00,0.115,0.138,0.1035,0.138,78627.186116,1808.425281,20.0,Target Hit (Same Candle),9042.126403,10850.551684,0,-0.63%,+0.27%,-0.03%,+0.01%,-0.44%
MUSDT,2025-07-07 14:30:00,2025-07-07 09:31:00,2025-07-07 10:00:00,0.1584,0.19008,0.14256,0.19008,68500.957601,2170.110337,20.0,Target Hit,10850.551684,13020.662021,29,-0.50%,-0.19%,+0.07%,-0.26%,+0.02%
TANSSIUSDT,2025-07-09 16:30:00,2025-07-09 11:31:00,2025-07-09 12:41:00,0.05209,0.062508,0.046881,0.046881,249964.715315,-1302.066202,-10.0,Stop Loss,13020.662021,11718.595819,70,+1.95%,+0.27%,+0.37%,+0.20%,+0.41%
PUMPUSDT,2025-07-10 12:30:00,2025-07-10 07:31:00,2025-07-10 09:48:00,0.00539,0.006468,0.004851,0.004851,2174136.515529,-1171.859582,-10.0,Stop Loss,11718.595819,10546.736237,137,+5.66%,+0.13%,+0.07%,+0.01%,-0.14%
AINUSDT,2025-07-10 15:30:00,2025-07-10 10:46:00,2025-07-10 12:10:00,0.08811,0.105732,0.079299,0.105732,119699.650855,2109.347247,20.0,Target Hit,10546.736237,12656.083484,84,+6.25%,-0.13%,-0.13%,+0.00%,-0.09%
CROSSUSDT,2025-07-10 15:30:00,2025-07-10 10:31:00,2025-07-10 13:08:00,0.13019,0.156228,0.117171,0.117171,97212.408666,-1265.608348,-10.0,Stop Loss,12656.083484,11390.475136,157,+6.25%,-0.13%,-0.13%,+0.00%,-0.09%
VELVETUSDT,2025-07-15 14:30:00,2025-07-15 09:16:00,2025-07-15 13:14:00,0.0794,0.09528,0.07146,0.0806,143456.86569,172.148239,1.511335,4h Timeout,11390.475136,11562.623375,238,+2.07%,+0.00%,-0.25%,-0.60%,-2.27%
CUSDT,2025-07-15 14:30:00,2025-07-15 09:01:00,2025-07-15 09:09:00,0.18058,0.216696,0.162522,0.216696,64030.476103,2312.524675,20.0,Target Hit,11562.623375,13875.14805,8,+2.07%,+0.00%,-0.25%,-0.60%,-2.27%
TACUSDT,2025-07-15 15:30:00,2025-07-15 10:31:00,2025-07-15 10:51:00,0.01907,0.022884,0.017163,0.022884,727590.353934,2775.02961,20.0,Target Hit,13875.14805,16650.177659,20,+1.68%,+0.20%,+0.20%,-0.27%,-1.19%
ERAUSDT,2025-07-17 20:30:00,2025-07-17 15:31:00,2025-07-17 15:33:00,1.227,1.4724,1.1043,1.1043,13569.826943,-1665.017766,-10.0,Stop Loss,16650.177659,14985.159893,2,-0.77%,+0.51%,+0.86%,+0.46%,+0.36%
TAUSDT,2025-07-21 12:30:00,2025-07-21 07:31:00,2025-07-21 09:27:00,0.1569,0.18828,0.14121,0.14121,95507.71124,-1498.515989,-10.0,Stop Loss,14985.159893,13486.643904,116,-0.99%,+0.79%,+0.87%,+1.00%,+1.60%
PENGUUSDC,2025-07-23 12:30:00,2025-07-23 07:31:00,2025-07-23 11:29:00,0.044243,0.053092,0.039819,0.044703,304831.134962,140.222322,1.039712,4h Timeout,13486.643904,13626.866226,238,-0.00%,-0.25%,-0.54%,-0.62%,-1.25%
CVXUSDT,2025-07-23 16:30:00,2025-07-23 11:31:00,2025-07-23 13:12:00,4.97,5.964,4.473,4.473,2741.82419,-1362.686623,-10.0,Stop Loss,13626.866226,12264.179604,101,+0.19%,+0.42%,+0.10%,+0.10%,-0.46%
SLPUSDT,2025-07-23 16:30:00,2025-07-23 11:46:00,2025-07-23 12:57:00,0.002462,0.002954,0.002216,0.002216,4981388.953535,-1226.41796,-10.0,Stop Loss,12264.179604,11037.761643,71,+0.19%,+0.42%,+0.10%,+0.10%,-0.46%
ZORAUSDT,2025-07-25 16:30:00,2025-07-25 11:01:00,2025-07-25 14:59:00,0.0428,0.05136,0.03852,0.04379,257891.627179,255.312711,2.313084,4h Timeout,11037.761643,11293.074354,238,+1.26%,+0.44%,+1.16%,+1.09%,+0.16%
TAGUSDT,2025-07-25 16:30:00,2025-07-25 11:16:00,2025-07-25 11:21:00,0.000603,0.000724,0.000543,0.000724,18728149.841044,2258.614871,20.0,Target Hit,11293.074354,13551.689225,5,+1.26%,+0.44%,+1.16%,+1.09%,+0.16%
ZRCUSDT,2025-07-29 14:30:00,2025-07-29 09:46:00,2025-07-29 13:44:00,0.03681,0.044172,0.033129,0.039,368152.383183,806.253719,5.94947,4h Timeout,13551.689225,14357.942944,238,-0.64%,-0.08%,+0.02%,+0.21%,+0.68%
ESPORTSUSDT,2025-07-29 15:30:00,2025-07-29 10:01:00,2025-07-29 10:04:00,0.1602,0.19224,0.14418,0.14418,89625.112011,-1435.794294,-10.0,Stop Loss,14357.942944,12922.14865,3,-0.64%,-0.51%,-0.47%,-0.41%,+0.46%
TREEUSDT,2025-07-29 19:30:00,2025-07-29 14:01:00,2025-07-29 14:02:00,1.2479,1.49748,1.12311,1.12311,10355.115514,-1292.214865,-10.0,Stop Loss,12922.14865,11629.933785,1,+0.08%,-0.91%,-0.65%,-0.81%,-0.82%
A2ZUSDT,2025-07-30 13:30:00,2025-07-30 08:01:00,2025-07-30 08:02:00,0.00557,0.006684,0.005013,0.005013,2087959.386851,-1162.993378,-10.0,Stop Loss,11629.933785,10466.940406,1,+0.40%,+0.07%,+0.32%,+0.18%,+0.36%
PLAYUSDT,2025-07-31 14:30:00,2025-07-31 09:31:00,2025-07-31 13:29:00,0.03525,0.0423,0.031725,0.03585,296934.479611,178.160688,1.702128,4h Timeout,10466.940406,10645.101094,238,-3.08%,-0.05%,-0.07%,+0.08%,+0.16%
NAORISUSDT,2025-07-31 17:30:00,2025-07-31 12:31:00,2025-07-31 12:31:00,0.0594,0.07128,0.05346,0.05346,179210.456129,-1064.510109,-10.0,Stop Loss (Same Candle),10645.101094,9580.590985,0,-2.23%,+0.10%,+0.02%,-0.03%,+0.14%
TOWNSUSDT,2025-08-05 19:30:00,2025-08-05 14:31:00,2025-08-05 14:32:00,0.0422,0.05064,0.03798,0.03798,227028.222385,-958.059098,-10.0,Stop Loss,9580.590985,8622.531886,1,+0.71%,-0.79%,-1.56%,-1.45%,-1.20%
PROVEUSDT,2025-08-05 22:30:00,2025-08-05 17:01:00,2025-08-05 17:02:00,0.5292,0.63504,0.47628,0.63504,16293.522083,1724.506377,20.0,Target Hit,8622.531886,10347.038263,1,+2.05%,+0.63%,+0.53%,-0.26%,-0.56%
ALLUSDT,2025-08-06 14:30:00,2025-08-06 09:31:00,2025-08-06 09:41:00,1.143,1.3716,1.0287,1.0287,9052.526915,-1034.703826,-10.0,Stop Loss,10347.038263,9312.334437,10,+0.98%,-0.12%,+0.01%,+0.59%,+0.19%
INUSDT,2025-08-07 15:30:00,2025-08-07 10:31:00,2025-08-07 10:41:00,0.0718,0.08616,0.06462,0.08616,129698.251213,1862.466887,20.0,Target Hit,9312.334437,11174.801324,10,+1.29%,+1.22%,+1.36%,+1.55%,+1.38%
CARVUSDT,2025-08-07 21:30:00,2025-08-07 16:46:00,2025-08-07 20:44:00,0.3064,0.36768,0.27576,0.303,36471.283696,-124.002365,-1.109661,4h Timeout,11174.801324,11050.79896,238,-0.43%,-0.09%,-0.33%,-0.22%,+1.28%
YALAUSDT,2025-08-07 21:30:00,2025-08-07 16:31:00,2025-08-07 16:35:00,0.2199,0.26388,0.19791,0.26388,50253.746976,2210.159792,20.0,Target Hit,11050.79896,13260.958752,4,-0.43%,-0.09%,-0.33%,-0.22%,+1.28%
XNYUSDT,2025-08-13 16:30:00,2025-08-13 11:46:00,2025-08-13 11:48:00,0.014865,0.017838,0.013378,0.013378,892092.751558,-1326.095875,-10.0,Stop Loss,13260.958752,11934.862877,2,+0.38%,+0.38%,+0.44%,+0.97%,+0.85%
AIOUSDT,2025-08-13 16:30:00,2025-08-13 11:31:00,2025-08-13 11:59:00,0.10394,0.124728,0.093546,0.124728,114824.54182,2386.972575,20.0,Target Hit,11934.862877,14321.835452,28,+0.38%,+0.38%,+0.44%,+0.97%,+0.85%
USELESSUSDT,2025-08-15 17:30:00,2025-08-15 12:16:00,2025-08-15 16:05:00,0.3116,0.37392,0.28044,0.28044,45962.244711,-1432.183545,-10.0,Stop Loss,14321.835452,12889.651907,229,-1.06%,-0.19%,-0.05%,-0.26%,-0.27%
DAMUSDT,2025-08-18 17:30:00,2025-08-18 12:31:00,2025-08-18 13:41:00,0.10527,0.126324,0.094743,0.126324,122443.734272,2577.930381,20.0,Target Hit,12889.651907,15467.582288,70,+0.57%,+0.40%,+0.42%,+0.27%,+0.17%
CUDISUSDT,2025-08-20 16:30:00,2025-08-20 11:16:00,2025-08-20 11:49:00,0.11749,0.140988,0.105741,0.105741,131650.20247,-1546.758229,-10.0,Stop Loss,15467.582288,13920.824059,33,-0.57%,-0.03%,-0.30%,+0.01%,+0.20%
SAPIENUSDT,2025-08-20 22:30:00,2025-08-20 17:31:00,2025-08-20 17:34:00,0.18915,0.22698,0.170235,0.170235,73596.743639,-1392.082406,-10.0,Stop Loss,13920.824059,12528.741653,3,-1.26%,+0.74%,+0.64%,+0.47%,+0.16%
XPLUSDT,2025-08-22 14:30:00,2025-08-22 09:31:00,2025-08-22 09:59:00,0.4114,0.49368,0.37026,0.49368,30453.917485,2505.748331,20.0,Target Hit,12528.741653,15034.489984,28,+2.47%,-0.04%,+0.05%,+0.18%,+0.37%
WLFIUSDT,2025-08-23 13:30:00,2025-08-23 08:31:00,2025-08-23 08:35:00,0.4444,0.53328,0.39996,0.39996,33830.985563,-1503.448998,-10.0,Stop Loss,15034.489984,13531.040986,4,-0.83%,-0.03%,-0.18%,+0.15%,-1.02%
BIOUSDC,2025-08-25 12:30:00,2025-08-25 07:16:00,2025-08-25 11:14:00,0.2385,0.2862,0.21465,0.23067,56733.924469,-444.226629,-3.283019,4h Timeout,13531.040986,13086.814357,238,-1.45%,-0.71%,-1.11%,-1.68%,-1.71%
SOMIUSDT,2025-08-25 14:30:00,2025-08-25 09:31:00,2025-08-25 09:35:00,0.931,1.1172,0.8379,1.1172,14056.728633,2617.362871,20.0,Target Hit,13086.814357,15704.177229,4,-1.13%,+0.26%,-0.12%,-0.85%,-0.75%
BASUSDT,2025-08-26 18:30:00,2025-08-26 13:31:00,2025-08-26 13:43:00,0.01394,0.016728,0.012546,0.012546,1126555.037919,-1570.417723,-10.0,Stop Loss,15704.177229,14133.759506,12,+1.15%,+0.20%,-0.11%,-0.01%,-0.00%
BTRUSDT,2025-08-27 15:30:00,2025-08-27 10:31:00,2025-08-27 11:11:00,0.12656,0.151872,0.113904,0.113904,111676.355134,-1413.375951,-10.0,Stop Loss,14133.759506,12720.383555,40,+2.09%,+0.20%,+0.23%,-0.36%,-0.29%
MITOUSDT,2025-08-28 21:30:00,2025-08-28 16:31:00,2025-08-28 16:45:00,0.10349,0.124188,0.093141,0.124188,122914.132333,2544.076711,20.0,Target Hit,12720.383555,15264.460266,14,-3.53%,-0.73%,-0.45%,-0.51%,-0.69%
HEMIUSDT,2025-08-29 09:30:00,2025-08-29 04:31:00,2025-08-29 05:08:00,0.025778,0.030934,0.0232,0.0232,592150.681441,-1526.446027,-10.0,Stop Loss,15264.460266,13738.01424,37,-2.93%,+0.07%,+0.01%,-0.95%,-0.36%
LINEAUSDT,2025-09-01 13:30:00,2025-09-01 08:31:00,2025-09-01 12:29:00,0.05025,0.0603,0.045225,0.04811,273393.3182,-585.061701,-4.258706,4h Timeout,13738.01424,13152.952539,238,+0.85%,+1.41%,+1.60%,+1.79%,+1.24%
QUSDT,2025-09-02 12:30:00,2025-09-02 07:31:00,2025-09-02 11:17:00,0.009561,0.011473,0.008605,0.011473,1375687.95509,2630.590508,20.0,Target Hit,13152.952539,15783.543046,226,+0.66%,+0.02%,-0.07%,-0.01%,+1.65%
ARIAUSDT,2025-09-03 16:30:00,2025-09-03 11:01:00,2025-09-03 11:10:00,0.11659,0.139908,0.104931,0.139908,135376.473508,3156.708609,20.0,Target Hit,15783.543046,18940.251656,9,-0.57%,+0.11%,+0.38%,+0.64%,+0.06%
TAKEUSDT,2025-09-03 16:30:00,2025-09-03 11:16:00,2025-09-03 11:46:00,0.1392,0.16704,0.12528,0.12528,136065.026262,-1894.025166,-10.0,Stop Loss,18940.251656,17046.22649,30,-0.57%,+0.11%,+0.38%,+0.64%,+0.06%
PTBUSDT,2025-09-03 17:30:00,2025-09-03 12:31:00,2025-09-03 12:46:00,0.02563,0.030756,0.023067,0.023067,665088.821305,-1704.622649,-10.0,Stop Loss,17046.22649,15341.603841,15,-0.45%,-0.30%,-0.18%,+0.01%,+0.05%
WLFIUSDC,2025-09-08 13:30:00,2025-09-08 08:31:00,2025-09-08 12:29:00,0.2065,0.2478,0.18585,0.2144,74293.48107,586.9185,3.825666,4h Timeout,15341.603841,15928.522341,238,+1.54%,+0.51%,+0.59%,+0.57%,+0.49%
OPENUSDT,2025-09-08 18:30:00,2025-09-08 13:01:00,2025-09-08 13:02:00,0.678,0.8136,0.6102,0.8136,23493.395784,3185.704468,20.0,Target Hit,15928.522341,19114.22681,1,+0.65%,-0.13%,-0.13%,+0.20%,+0.84%
FLOCKUSDT,2025-09-09 11:30:00,2025-09-09 06:49:00,2025-09-09 10:28:00,0.4749,0.56988,0.42741,0.42741,40248.950958,-1911.422681,-10.0,Stop Loss,19114.22681,17202.804129,219,-0.36%,+0.89%,+1.18%,+1.49%,+0.62%
SKYUSDT,2025-09-09 12:30:00,2025-09-09 07:01:00,2025-09-09 10:59:00,0.07199,0.086388,0.064791,0.0742,238961.024154,528.103863,3.069871,4h Timeout,17202.804129,17730.907992,238,-0.41%,+0.71%,+0.86%,+1.49%,+0.67%
AVNTUSDT,2025-09-09 20:30:00,2025-09-09 15:01:00,2025-09-09 15:01:00,0.2766,0.33192,0.24894,0.24894,64103.065771,-1773.090799,-10.0,Stop Loss (Same Candle),17730.907992,15957.817193,0,+1.87%,-1.67%,-1.59%,-1.64%,-1.90%
HOLOUSDT,2025-09-11 17:30:00,2025-09-11 12:01:00,2025-09-11 12:18:00,0.5738,0.68856,0.51642,0.51642,27810.765411,-1595.781719,-10.0,Stop Loss,15957.817193,14362.035474,17,+0.95%,-0.08%,+0.07%,-0.09%,-0.37%
XPINUSDT,2025-09-12 13:30:00,2025-09-12 08:01:00,2025-09-12 08:07:00,0.001867,0.00224,0.00168,0.00224,7694222.368843,2872.407095,20.0,Target Hit,14362.035474,17234.442568,6,+0.77%,-0.23%,-0.49%,-0.13%,-0.38%
UBUSDT,2025-09-12 15:30:00,2025-09-12 10:31:00,2025-09-12 10:45:00,0.01864,0.022368,0.016776,0.022368,924594.558392,3446.888514,20.0,Target Hit,17234.442568,20681.331082,14,+0.77%,-0.06%,-0.09%,-0.55%,-0.34%
ZKCUSDT,2025-09-15 19:30:00,2025-09-15 14:01:00,2025-09-15 15:11:00,1.2819,1.53828,1.15371,1.15371,16133.341978,-2068.133108,-10.0,Stop Loss,20681.331082,18613.197974,70,+0.55%,-0.04%,-0.34%,-0.16%,-1.58%
