symbol,launch_date,entry_time,exit_time,entry_price,target_price,stop_loss_price,exit_price,position_size,profit_usd,profit_pct,exit_reason,capital_before,capital_after,duration_minutes
PENGUUSDT,2024-12-17 21:30:00,2024-12-17 16:16:00,2024-12-17 16:17:00,0.037464,0.044957,0.036715,0.036715,53384.582533,-40.0,-2.0,Stop Loss,2000.0,1960.0,1
LUMIAUSDT,2024-12-18 16:30:00,2024-12-18 11:31:00,2024-12-18 11:38:00,1.864,2.2368,1.82672,1.82672,1051.502146,-39.2,-2.0,Stop Loss,1960.0,1920.8,7
USUALUSDT,2024-12-18 18:30:00,2024-12-18 13:01:00,2024-12-18 13:02:00,0.8171,0.98052,0.800758,0.800758,2350.752662,-38.416,-2.0,Stop Loss,1920.8,1882.384,1
AIXBTUSDT,2024-12-20 23:30:00,2024-12-20 18:32:00,2024-12-20 19:39:00,0.27171,0.326052,0.266276,0.326052,6927.915793,376.4768,20.0,Target Hit,1882.384,2258.8608,67
FARTCOINUSDT,2024-12-20 23:30:00,2024-12-20 18:46:00,2024-12-20 18:48:00,1.0858,1.30296,1.064084,1.064084,2080.365445,-45.177216,-2.0,Stop Loss,2258.8608,2213.683584,2
CGPTUSDT,2024-12-21 00:30:00,2024-12-20 19:16:00,2024-12-20 19:53:00,0.23128,0.277536,0.226654,0.226654,9571.444068,-44.273672,-2.0,Stop Loss,2213.683584,2169.409912,37
KMNOUSDT,2024-12-21 00:30:00,2024-12-20 19:01:00,2024-12-20 21:14:00,0.19016,0.228192,0.186357,0.186357,11408.339884,-43.388198,-2.0,Stop Loss,2169.409912,2126.021714,133
HIVEUSDT,2024-12-23 16:30:00,2024-12-23 11:31:00,2024-12-23 11:34:00,0.36564,0.438768,0.358327,0.358327,5814.521699,-42.520434,-2.0,Stop Loss,2126.021714,2083.50128,3
DEXEUSDT,2024-12-24 16:30:00,2024-12-24 11:31:00,2024-12-24 12:01:00,13.021,15.6252,12.76058,12.76058,160.01085,-41.670026,-2.0,Stop Loss,2083.50128,2041.831254,30
DFUSDT,2024-12-30 16:30:00,2024-12-30 11:46:00,2024-12-30 13:58:00,0.09169,0.110028,0.089856,0.089856,22268.854337,-40.836625,-2.0,Stop Loss,2041.831254,2000.994629,132
PHAUSDT,2024-12-30 16:30:00,2024-12-30 11:31:00,2024-12-30 11:44:00,0.44789,0.537468,0.438932,0.438932,4467.602825,-40.019893,-2.0,Stop Loss,2000.994629,1960.974737,13
AI16ZUSDT,2025-01-02 18:30:00,2025-01-02 13:46:00,2025-01-02 14:03:00,2.0594,2.47128,2.018212,2.018212,952.206826,-39.219495,-2.0,Stop Loss,1960.974737,1921.755242,17
GRIFFAINUSDT,2025-01-02 18:30:00,2025-01-02 13:31:00,2025-01-02 16:27:00,0.39354,0.472248,0.385669,0.385669,4883.252635,-38.435105,-2.0,Stop Loss,1921.755242,1883.320137,176
ZEREBROUSDT,2025-01-02 19:30:00,2025-01-02 14:01:00,2025-01-02 16:22:00,0.667,0.8004,0.65366,0.65366,2823.568421,-37.666403,-2.0,Stop Loss,1883.320137,1845.653734,141
BIOUSDT,2025-01-03 17:30:00,2025-01-03 12:16:00,2025-01-03 12:59:00,0.7526,0.90312,0.737548,0.90312,2452.370096,369.130747,20.0,Target Hit,1845.653734,2214.784481,43
COOKIEUSDT,2025-01-07 16:30:00,2025-01-07 11:31:00,2025-01-07 15:29:00,0.639,0.7668,0.62622,0.6572,3466.016402,63.081499,2.8482,4h Timeout,2214.784481,2277.86598,238
ALCHUSDT,2025-01-07 16:30:00,2025-01-07 11:46:00,2025-01-07 13:10:00,0.19607,0.235284,0.192149,0.192149,11617.616053,-45.55732,-2.0,Stop Loss,2277.86598,2232.30866,84
SWARMSUSDT,2025-01-07 17:30:00,2025-01-07 12:16:00,2025-01-07 12:26:00,0.5009,0.60108,0.490882,0.490882,4456.595448,-44.646173,-2.0,Stop Loss,2232.30866,2187.662487,10
SONICUSDT,2025-01-08 12:30:00,2025-01-08 07:02:00,2025-01-08 09:34:00,0.9642,1.15704,0.944916,0.944916,2268.888702,-43.75325,-2.0,Stop Loss,2187.662487,2143.909237,152
DUSDT,2025-01-09 15:30:00,2025-01-09 10:01:00,2025-01-09 10:25:00,0.18554,0.222648,0.181829,0.181829,11554.970557,-42.878185,-2.0,Stop Loss,2143.909237,2101.031052,24
PROMUSDT,2025-01-15 17:30:00,2025-01-15 12:31:00,2025-01-15 12:31:00,8.856,10.6272,8.67888,8.67888,237.243795,-42.020621,-2.0,Stop Loss (Same Candle),2101.031052,2059.010431,0
SUSDT,2025-01-16 15:30:00,2025-01-16 10:01:00,2025-01-16 13:59:00,0.7892,0.94704,0.773416,0.7912,2608.984328,5.217969,0.253421,4h Timeout,2059.010431,2064.2284,238
SOLVUSDT,2025-01-17 17:30:00,2025-01-17 12:16:00,2025-01-17 12:43:00,0.1482,0.17784,0.145236,0.145236,13928.666666,-41.284568,-2.0,Stop Loss,2064.2284,2022.943832,27
AVAAIUSDT,2025-01-17 18:30:00,2025-01-17 13:16:00,2025-01-17 13:59:00,0.22844,0.274128,0.223871,0.223871,8855.471161,-40.458877,-2.0,Stop Loss,2022.943832,1982.484955,43
ARCUSDT,2025-01-17 18:30:00,2025-01-17 13:01:00,2025-01-17 15:03:00,0.33894,0.406728,0.332161,0.332161,5849.07345,-39.649699,-2.0,Stop Loss,1982.484955,1942.835256,122
TRUMPUSDT,2025-01-18 18:30:00,2025-01-18 13:01:00,2025-01-18 13:04:00,20.858,25.0296,20.44084,20.44084,93.145808,-38.856705,-2.0,Stop Loss,1942.835256,1903.978551,3
MELANIAUSDT,2025-01-20 14:30:00,2025-01-20 09:31:00,2025-01-20 09:31:00,10.319,12.3828,10.11262,10.11262,184.511925,-38.079571,-2.0,Stop Loss (Same Candle),1903.978551,1865.89898,0
VTHOUSDT,2025-01-22 14:30:00,2025-01-22 09:31:00,2025-01-22 10:04:00,0.008033,0.00964,0.007872,0.007872,232279.22072,-37.31798,-2.0,Stop Loss,1865.89898,1828.581,33
ANIMEUSDT,2025-01-23 22:30:00,2025-01-23 17:01:00,2025-01-23 17:02:00,0.0884,0.10608,0.086632,0.086632,20685.305435,-36.57162,-2.0,Stop Loss,1828.581,1792.00938,1
VINEUSDT,2025-01-24 15:30:00,2025-01-24 10:01:00,2025-01-24 10:48:00,0.19512,0.234144,0.191218,0.191218,9184.139916,-35.840188,-2.0,Stop Loss,1792.00938,1756.169193,47
PIPPINUSDT,2025-01-24 15:30:00,2025-01-24 10:16:00,2025-01-24 10:21:00,0.13853,0.166236,0.135759,0.135759,12677.176011,-35.123384,-2.0,Stop Loss,1756.169193,1721.045809,5
VVVUSDT,2025-01-29 13:30:00,2025-01-29 08:16:00,2025-01-29 08:16:00,10.722,12.8664,10.50756,10.50756,160.515371,-34.420916,-2.0,Stop Loss (Same Candle),1721.045809,1686.624893,0
BERAUSDT,2025-02-06 20:30:00,2025-02-06 15:01:00,2025-02-06 15:01:00,10.405,12.486,10.1969,10.1969,162.097539,-33.732498,-2.0,Stop Loss (Same Candle),1686.624893,1652.892395,0
TSTUSDT,2025-02-09 18:30:00,2025-02-09 13:01:00,2025-02-09 13:01:00,0.352,0.4224,0.34496,0.34496,4695.717031,-33.057848,-2.0,Stop Loss (Same Candle),1652.892395,1619.834547,0
LAYERUSDT,2025-02-11 20:30:00,2025-02-11 15:46:00,2025-02-11 15:46:00,0.7667,0.92004,0.751366,0.751366,2112.735812,-32.396691,-2.0,Stop Loss (Same Candle),1619.834547,1587.437856,0
HEIUSDT,2025-02-13 14:30:00,2025-02-13 09:01:00,2025-02-13 09:01:00,0.9735,1.1682,0.95403,0.95403,1630.650083,-31.748757,-2.0,Stop Loss (Same Candle),1587.437856,1555.689099,0
B3USDT,2025-02-13 16:30:00,2025-02-13 11:31:00,2025-02-13 11:31:00,0.01336,0.016032,0.013093,0.013093,116443.794833,-31.113782,-2.0,Stop Loss (Same Candle),1555.689099,1524.575317,0
IPUSDT,2025-02-13 22:30:00,2025-02-13 17:01:00,2025-02-13 17:01:00,1.75791,2.109492,1.722752,1.722752,867.265854,-30.491506,-2.0,Stop Loss (Same Candle),1524.575317,1494.083811,0
GPSUSDT,2025-02-17 22:30:00,2025-02-17 17:01:00,2025-02-17 17:02:00,0.121,0.1452,0.11858,0.11858,12347.800088,-29.881676,-2.0,Stop Loss,1494.083811,1464.202134,1
SHELLUSDT,2025-02-17 22:30:00,2025-02-17 17:16:00,2025-02-17 18:19:00,0.4353,0.52236,0.426594,0.426594,3363.662151,-29.284043,-2.0,Stop Loss,1464.202134,1434.918092,63
KAITOUSDT,2025-02-20 18:30:00,2025-02-20 13:01:00,2025-02-20 13:01:00,1.174,1.4088,1.15052,1.15052,1222.247097,-28.698362,-2.0,Stop Loss (Same Candle),1434.918092,1406.21973,0
IPUSDC,2025-03-05 15:30:00,2025-03-05 10:20:00,2025-03-05 10:20:00,5.67849,6.814188,5.56492,5.56492,247.63973,-28.124395,-2.0,Stop Loss (Same Candle),1406.21973,1378.095335,0
KAITOUSDC,2025-03-05 15:30:00,2025-03-05 10:10:00,2025-03-05 10:10:00,1.8558,2.22696,1.818684,1.818684,742.588283,-27.561907,-2.0,Stop Loss (Same Candle),1378.095335,1350.533429,0
ADAUSDC,2025-03-06 15:30:00,2025-03-06 10:18:00,2025-03-06 12:18:00,0.9549,1.14588,0.935802,0.935802,1414.319226,-27.010669,-2.0,Stop Loss,1350.533429,1323.52276,120
TRUMPUSDC,2025-03-06 15:30:00,2025-03-06 10:02:00,2025-03-06 14:00:00,13.326,15.9912,13.05948,13.324,99.318832,-0.198638,-0.015008,4h Timeout,1323.52276,1323.324122,238
REDUSDT,2025-03-06 21:30:00,2025-03-06 16:01:00,2025-03-06 16:02:00,0.8584,1.03008,0.841232,0.841232,1541.617104,-26.466482,-2.0,Stop Loss,1323.324122,1296.85764,1
PNUTUSDC,2025-03-07 15:30:00,2025-03-07 10:03:00,2025-03-07 10:20:00,0.19231,0.230772,0.188464,0.188464,6743.578805,-25.937153,-2.0,Stop Loss,1296.85764,1270.920487,17
HBARUSDC,2025-03-07 15:30:00,2025-03-07 10:18:00,2025-03-07 12:43:00,0.2537,0.30444,0.248626,0.248626,5009.540745,-25.41841,-2.0,Stop Loss,1270.920487,1245.502077,145
VICUSDT,2025-03-12 22:30:00,2025-03-12 17:01:00,2025-03-12 17:01:00,0.342,0.4104,0.33516,0.33516,3641.81894,-24.910042,-2.0,Stop Loss (Same Candle),1245.502077,1220.592036,0
EPICUSDT,2025-03-13 13:30:00,2025-03-13 08:01:00,2025-03-13 08:01:00,1.6697,2.00364,1.636306,1.636306,731.024756,-24.411841,-2.0,Stop Loss (Same Candle),1220.592036,1196.180195,0
BMTUSDT,2025-03-17 18:30:00,2025-03-17 13:31:00,2025-03-17 14:07:00,0.1219,0.14628,0.119462,0.14628,9812.798976,239.236039,20.0,Target Hit,1196.180195,1435.416234,36
MUBARAKUSDT,2025-03-17 18:30:00,2025-03-17 13:46:00,2025-03-17 13:46:00,0.0978,0.11736,0.095844,0.095844,14677.057609,-28.708325,-2.0,Stop Loss (Same Candle),1435.416234,1406.707909,0
FORMUSDT,2025-03-19 13:30:00,2025-03-19 08:01:00,2025-03-19 08:01:00,1.6338,1.96056,1.601124,1.601124,861.003739,-28.134158,-2.0,Stop Loss (Same Candle),1406.707909,1378.573751,0
BIDUSDT,2025-03-20 14:30:00,2025-03-20 09:31:00,2025-03-20 09:31:00,0.09408,0.112896,0.092198,0.092198,14653.20739,-27.571475,-2.0,Stop Loss (Same Candle),1378.573751,1351.002276,0
TUTUSDT,2025-03-20 14:30:00,2025-03-20 09:01:00,2025-03-20 12:59:00,0.04323,0.051876,0.042365,0.04668,31251.49841,107.81767,7.980569,4h Timeout,1351.002276,1458.819946,238
BROCCOLI714USDT,2025-03-21 14:30:00,2025-03-21 09:01:00,2025-03-21 09:02:00,0.04461,0.053532,0.043718,0.043718,32701.635189,-29.176399,-2.0,Stop Loss,1458.819946,1429.643547,1
BROCCOLIF3BUSDT,2025-03-21 14:30:00,2025-03-21 09:16:00,2025-03-21 10:58:00,0.019016,0.022819,0.018636,0.018636,75181.086813,-28.592871,-2.0,Stop Loss,1429.643547,1401.050676,102
BRUSDT,2025-03-21 17:30:00,2025-03-21 12:46:00,2025-03-21 13:23:00,0.1684,0.20208,0.165032,0.165032,8319.77836,-28.021014,-2.0,Stop Loss,1401.050676,1373.029662,37
PLUMEUSDT,2025-03-21 18:30:00,2025-03-21 13:01:00,2025-03-21 13:19:00,0.2006,0.24072,0.196588,0.196588,6844.614469,-27.460593,-2.0,Stop Loss,1373.029662,1345.569069,18
SIRENUSDT,2025-03-22 14:30:00,2025-03-22 09:01:00,2025-03-22 09:01:00,0.08826,0.105912,0.086495,0.086495,15245.51404,-26.911381,-2.0,Stop Loss (Same Candle),1345.569069,1318.657688,0
BANANAS31USDT,2025-03-22 14:30:00,2025-03-22 09:16:00,2025-03-22 09:26:00,0.004802,0.005762,0.004706,0.005762,274605.932478,263.731538,20.0,Target Hit,1318.657688,1582.389225,10
NILUSDT,2025-03-24 18:30:00,2025-03-24 13:01:00,2025-03-24 13:01:00,0.8481,1.01772,0.831138,0.831138,1865.805006,-31.647785,-2.0,Stop Loss (Same Candle),1582.389225,1550.741441,0
PARTIUSDT,2025-03-25 18:30:00,2025-03-25 13:01:00,2025-03-25 13:01:00,0.2715,0.3258,0.26607,0.26607,5711.754846,-31.014829,-2.0,Stop Loss (Same Candle),1550.741441,1519.726612,0
JELLYJELLYUSDT,2025-03-26 21:30:00,2025-03-26 16:01:00,2025-03-26 16:01:00,0.0255,0.0306,0.02499,0.02499,59597.122039,-30.394532,-2.0,Stop Loss (Same Candle),1519.726612,1489.33208,0
MAVIAUSDT,2025-03-26 22:30:00,2025-03-26 17:01:00,2025-03-26 17:02:00,0.4323,0.51876,0.423654,0.423654,3445.135507,-29.786642,-2.0,Stop Loss,1489.33208,1459.545438,1
PAXGUSDT,2025-03-27 15:30:00,2025-03-27 10:31:00,2025-03-27 14:29:00,3055.39,3666.468,2994.2822,3055.71,0.477695,0.152862,0.010473,4h Timeout,1459.545438,1459.698301,238
WALUSDT,2025-03-27 20:30:00,2025-03-27 15:31:00,2025-03-27 15:32:00,0.4791,0.57492,0.469518,0.469518,3046.750784,-29.193966,-2.0,Stop Loss,1459.698301,1430.504335,1
ETHUSDT_250926,2025-03-28 13:30:00,2025-03-28 08:07:00,2025-03-28 11:25:00,1969.55,2363.46,1930.159,1930.159,0.72631,-28.610087,-2.0,Stop Loss,1430.504335,1401.894248,198
BTCUSDT_250926,2025-03-28 13:30:00,2025-03-28 08:06:00,2025-03-28 12:04:00,88540.0,106248.0,86769.2,87661.5,0.015833,-13.909692,-0.992207,4h Timeout,1401.894248,1387.984556,238
FUNUSDT,2025-03-31 13:30:00,2025-03-31 08:31:00,2025-03-31 08:32:00,0.005141,0.006169,0.005038,0.005038,269983.379948,-27.759691,-2.0,Stop Loss,1387.984556,1360.224865,1
MLNUSDT,2025-03-31 13:30:00,2025-03-31 08:46:00,2025-03-31 08:50:00,12.31,14.772,12.0638,12.0638,110.497552,-27.204497,-2.0,Stop Loss,1360.224865,1333.020368,4
GUNUSDT,2025-03-31 18:30:00,2025-03-31 13:01:00,2025-03-31 13:01:00,0.0949,0.11388,0.093002,0.093002,14046.579219,-26.660407,-2.0,Stop Loss (Same Candle),1333.020368,1306.359961,0
ATHUSDT,2025-04-02 20:30:00,2025-04-02 15:46:00,2025-04-02 15:51:00,0.03165,0.03798,0.031017,0.031017,41275.196225,-26.127199,-2.0,Stop Loss,1306.359961,1280.232761,5
BABYUSDT,2025-04-05 18:30:00,2025-04-05 13:31:00,2025-04-05 13:32:00,0.06588,0.079056,0.064562,0.064562,19432.798441,-25.604655,-2.0,Stop Loss,1280.232761,1254.628106,1
FORTHUSDT,2025-04-08 13:30:00,2025-04-08 08:31:00,2025-04-08 08:39:00,2.529,3.0348,2.47842,2.47842,496.096523,-25.092562,-2.0,Stop Loss,1254.628106,1229.535544,8
PROMPTUSDT,2025-04-11 11:30:00,2025-04-11 06:31:00,2025-04-11 08:19:00,0.1815,0.2178,0.17787,0.17787,6774.300518,-24.590711,-2.0,Stop Loss,1229.535544,1204.944833,108
XCNUSDT,2025-04-11 20:30:00,2025-04-11 15:31:00,2025-04-11 15:31:00,0.02396,0.028752,0.023481,0.023481,50289.851131,-24.098897,-2.0,Stop Loss (Same Candle),1204.944833,1180.845936,0
STOUSDT,2025-04-12 19:30:00,2025-04-12 14:46:00,2025-04-12 14:46:00,0.08856,0.106272,0.086789,0.086789,13333.852037,-23.616919,-2.0,Stop Loss (Same Candle),1180.845936,1157.229018,0
FHEUSDT,2025-04-12 20:30:00,2025-04-12 15:01:00,2025-04-12 15:01:00,0.07706,0.092472,0.075519,0.075519,15017.246531,-23.14458,-2.0,Stop Loss (Same Candle),1157.229018,1134.084437,0
KERNELUSDT,2025-04-14 17:30:00,2025-04-14 12:01:00,2025-04-14 12:01:00,0.3318,0.39816,0.325164,0.325164,3417.976002,-22.681689,-2.0,Stop Loss (Same Candle),1134.084437,1111.402749,0
WCTUSDT,2025-04-15 16:30:00,2025-04-15 11:01:00,2025-04-15 11:01:00,0.3694,0.44328,0.362012,0.362012,3008.670137,-22.228055,-2.0,Stop Loss (Same Candle),1111.402749,1089.174694,0
INITUSDT,2025-04-16 11:30:00,2025-04-16 06:31:00,2025-04-16 06:31:00,0.6328,0.75936,0.620144,0.620144,1721.198947,-21.783494,-2.0,Stop Loss (Same Candle),1089.174694,1067.3912,0
AERGOUSDT,2025-04-16 16:30:00,2025-04-16 11:01:00,2025-04-16 11:02:00,0.35261,0.423132,0.345558,0.423132,3027.115509,213.47824,20.0,Target Hit,1067.3912,1280.86944,1
BANKUSDT,2025-04-18 23:30:00,2025-04-18 18:31:00,2025-04-18 18:38:00,0.048235,0.057882,0.04727,0.057882,26554.772255,256.173888,20.0,Target Hit,1280.86944,1537.043328,7
EPTUSDT,2025-04-21 18:30:00,2025-04-21 13:01:00,2025-04-21 13:02:00,0.01765,0.02118,0.017297,0.017297,87084.607799,-30.740867,-2.0,Stop Loss,1537.043328,1506.302461,1
DEEPUSDT,2025-04-22 13:30:00,2025-04-22 08:31:00,2025-04-22 08:39:00,0.12471,0.149652,0.122216,0.122216,12078.441673,-30.126049,-2.0,Stop Loss,1506.302461,1476.176412,8
HYPERUSDT,2025-04-22 18:30:00,2025-04-22 13:01:00,2025-04-22 16:59:00,0.2456,0.29472,0.240688,0.2552,6010.490276,57.700707,3.908795,4h Timeout,1476.176412,1533.877119,238
FISUSDT,2025-04-25 12:30:00,2025-04-25 07:31:00,2025-04-25 09:30:00,0.20079,0.240948,0.196774,0.196774,7639.21071,-30.677542,-2.0,Stop Loss,1533.877119,1503.199576,119
JSTUSDT,2025-04-28 14:30:00,2025-04-28 09:31:00,2025-04-28 11:42:00,0.039776,0.047731,0.03898,0.03898,37791.62249,-30.063992,-2.0,Stop Loss,1503.199576,1473.135585,131
SIGNUSDT,2025-04-28 16:30:00,2025-04-28 11:01:00,2025-04-28 11:01:00,0.0742,0.08904,0.072716,0.072716,19853.579308,-29.462712,-2.0,Stop Loss (Same Candle),1473.135585,1443.672873,0
PUNDIXUSDT,2025-04-30 15:30:00,2025-04-30 10:01:00,2025-04-30 11:22:00,0.555,0.666,0.5439,0.5439,2601.212384,-28.873457,-2.0,Stop Loss,1443.672873,1414.799415,81
CTKUSDT,2025-04-30 15:30:00,2025-04-30 10:16:00,2025-04-30 13:05:00,0.4698,0.56376,0.460404,0.460404,3011.493009,-28.295988,-2.0,Stop Loss,1414.799415,1386.503427,169
AIOTUSDT,2025-04-30 17:30:00,2025-04-30 12:31:00,2025-04-30 12:31:00,0.22979,0.275748,0.225194,0.225194,6033.784878,-27.730069,-2.0,Stop Loss (Same Candle),1386.503427,1358.773359,0
HAEDALUSDT,2025-05-01 08:30:00,2025-05-01 03:16:00,2025-05-01 06:13:00,0.108356,0.130027,0.106189,0.130027,12539.899578,271.754672,20.0,Target Hit,1358.773359,1630.52803,177
DOLOUSDT,2025-05-01 08:30:00,2025-05-01 03:01:00,2025-05-01 06:59:00,0.055146,0.066175,0.054043,0.061644,29567.475979,192.129459,11.783266,4h Timeout,1630.52803,1822.657489,238
SXTUSDT,2025-05-02 13:30:00,2025-05-02 08:31:00,2025-05-02 08:31:00,0.53763,0.645156,0.526877,0.645156,3390.170729,364.531498,20.0,Target Hit (Same Candle),1822.657489,2187.188987,0
ASRUSDT,2025-05-06 14:30:00,2025-05-06 09:31:00,2025-05-06 09:39:00,2.225,2.67,2.1805,2.1805,983.006286,-43.74378,-2.0,Stop Loss,2187.188987,2143.445207,8
ALPINEUSDT,2025-05-06 14:30:00,2025-05-06 09:46:00,2025-05-06 09:47:00,1.2006,1.44072,1.176588,1.176588,1785.311684,-42.868904,-2.0,Stop Loss,2143.445207,2100.576303,1
MILKUSDT,2025-05-06 18:30:00,2025-05-06 13:46:00,2025-05-06 17:38:00,0.12477,0.149724,0.122275,0.122275,16835.587908,-42.011526,-2.0,Stop Loss,2100.576303,2058.564777,232
B2USDT,2025-05-06 18:30:00,2025-05-06 13:31:00,2025-05-06 13:31:00,0.6779,0.81348,0.664342,0.664342,3036.679123,-41.171296,-2.0,Stop Loss (Same Candle),2058.564777,2017.393482,0
SYRUPUSDT,2025-05-07 13:30:00,2025-05-07 08:31:00,2025-05-07 11:16:00,0.23522,0.282264,0.230516,0.230516,8576.623933,-40.34787,-2.0,Stop Loss,2017.393482,1977.045612,165
OBOLUSDT,2025-05-07 15:30:00,2025-05-07 10:31:00,2025-05-07 10:31:00,0.41434,0.497208,0.406053,0.406053,4771.553825,-39.540912,-2.0,Stop Loss (Same Candle),1977.045612,1937.5047,0
DOODUSDT,2025-05-09 18:30:00,2025-05-09 13:31:00,2025-05-09 13:31:00,0.008187,0.009824,0.008023,0.008023,236659.138349,-38.750094,-2.0,Stop Loss (Same Candle),1937.5047,1898.754606,0
OGUSDT,2025-05-12 14:30:00,2025-05-12 09:01:00,2025-05-12 09:02:00,5.584,6.7008,5.47232,5.47232,340.034851,-37.975092,-2.0,Stop Loss,1898.754606,1860.779514,1
ZKJUSDT,2025-05-13 14:30:00,2025-05-13 09:31:00,2025-05-13 13:29:00,2.136,2.5632,2.09328,2.13,871.151458,-5.226909,-0.280899,4h Timeout,1860.779514,1855.552605,238
SKYAIUSDT,2025-05-13 14:30:00,2025-05-13 09:46:00,2025-05-13 13:44:00,0.05771,0.069252,0.056556,0.06204,32153.051549,139.222713,7.503032,4h Timeout,1855.552605,1994.775318,238
NXPCUSDT,2025-05-15 11:30:00,2025-05-15 06:31:00,2025-05-15 06:32:00,2.45001,2.940012,2.40101,2.40101,814.190684,-39.895506,-2.0,Stop Loss,1994.775318,1954.879812,1
CVCUSDT,2025-05-16 13:30:00,2025-05-16 08:31:00,2025-05-16 12:29:00,0.132,0.1584,0.12936,0.1316,14809.695543,-5.923878,-0.30303,4h Timeout,1954.879812,1948.955934,238
AGTUSDT,2025-05-20 15:30:00,2025-05-20 10:31:00,2025-05-20 11:06:00,0.030619,0.036743,0.030007,0.030007,63651.847987,-38.979119,-2.0,Stop Loss,1948.955934,1909.976815,35
AWEUSDT,2025-05-21 13:30:00,2025-05-21 08:01:00,2025-05-21 08:01:00,0.067063,0.080476,0.065722,0.065722,28480.336622,-38.199536,-2.0,Stop Loss (Same Candle),1909.976815,1871.777279,0
BUSDT,2025-05-22 21:30:00,2025-05-22 16:31:00,2025-05-22 16:31:00,0.24311,0.291732,0.238248,0.238248,7699.301874,-37.435546,-2.0,Stop Loss (Same Candle),1871.777279,1834.341733,0
SOONUSDT,2025-05-23 13:30:00,2025-05-23 08:31:00,2025-05-23 08:31:00,0.53875,0.6465,0.527975,0.527975,3404.810641,-36.686835,-2.0,Stop Loss (Same Candle),1834.341733,1797.654898,0
HUMAUSDT,2025-05-26 18:30:00,2025-05-26 13:01:00,2025-05-26 13:01:00,0.086779,0.104135,0.085043,0.085043,20715.32166,-35.953098,-2.0,Stop Loss (Same Candle),1797.654898,1761.7018,0
AUSDT,2025-05-28 13:30:00,2025-05-28 08:02:00,2025-05-28 12:00:00,0.74956,0.899472,0.734569,0.75857,2350.314585,21.176334,1.202039,4h Timeout,1761.7018,1782.878135,238
SOPHUSDT,2025-05-28 18:30:00,2025-05-28 13:01:00,2025-05-28 13:01:00,0.070881,0.085057,0.069463,0.069463,25153.117687,-35.657563,-2.0,Stop Loss (Same Candle),1782.878135,1747.220572,0
MERLUSDT,2025-05-29 13:30:00,2025-05-29 08:31:00,2025-05-29 08:35:00,0.1524,0.18288,0.149352,0.149352,11464.701916,-34.944411,-2.0,Stop Loss,1747.220572,1712.276161,4
HYPEUSDT,2025-05-30 15:30:00,2025-05-30 10:31:00,2025-05-30 11:27:00,33.363,40.0356,32.69574,32.69574,51.322608,-34.245523,-2.0,Stop Loss,1712.276161,1678.030637,56
BDXNUSDT,2025-06-03 15:30:00,2025-06-03 10:31:00,2025-06-03 10:31:00,0.09141,0.109692,0.089582,0.089582,18357.188901,-33.560613,-2.0,Stop Loss (Same Candle),1678.030637,1644.470025,0
PUFFERUSDT,2025-06-04 13:30:00,2025-06-04 08:31:00,2025-06-04 08:31:00,0.22884,0.274608,0.224263,0.224263,7186.112676,-32.8894,-2.0,Stop Loss (Same Candle),1644.470025,1611.580624,0
PORT3USDT,2025-06-04 13:30:00,2025-06-04 08:46:00,2025-06-04 12:44:00,0.04812,0.057744,0.047158,0.0521,33490.869164,133.293659,8.270989,4h Timeout,1611.580624,1744.874283,238
1000000BOBUSDT,2025-06-05 13:30:00,2025-06-05 08:31:00,2025-06-05 08:31:00,0.09498,0.113976,0.09308,0.09308,18370.965292,-34.897486,-2.0,Stop Loss (Same Candle),1744.874283,1709.976798,0
LAUSDT,2025-06-05 14:30:00,2025-06-05 09:01:00,2025-06-05 09:05:00,1.024,1.2288,1.00352,1.00352,1669.899217,-34.199536,-2.0,Stop Loss,1709.976798,1675.777262,4
SKATEUSDT,2025-06-09 15:30:00,2025-06-09 10:31:00,2025-06-09 10:32:00,0.07524,0.090288,0.073735,0.073735,22272.425064,-33.515545,-2.0,Stop Loss,1675.777262,1642.261717,1
HOMEUSDT,2025-06-10 16:30:00,2025-06-10 11:31:00,2025-06-10 11:31:00,0.026116,0.031339,0.025594,0.025594,62883.355666,-32.845234,-2.0,Stop Loss (Same Candle),1642.261717,1609.416482,0
RESOLVUSDT,2025-06-10 18:30:00,2025-06-10 13:31:00,2025-06-10 13:31:00,0.19038,0.228456,0.186572,0.186572,8453.705653,-32.18833,-2.0,Stop Loss (Same Candle),1609.416482,1577.228153,0
TAIKOUSDT,2025-06-11 17:30:00,2025-06-11 12:31:00,2025-06-11 16:29:00,0.5584,0.67008,0.547232,0.5679,2824.548984,26.833215,1.701289,4h Timeout,1577.228153,1604.061368,238
SQDUSDT,2025-06-11 17:30:00,2025-06-11 12:46:00,2025-06-11 13:41:00,0.2548,0.30576,0.249704,0.249704,6295.374286,-32.081227,-2.0,Stop Loss,1604.061368,1571.980141,55
PUMPBTCUSDT,2025-06-13 15:30:00,2025-06-13 10:01:00,2025-06-13 10:01:00,0.04767,0.057204,0.046717,0.046717,32976.298313,-31.439603,-2.0,Stop Loss (Same Candle),1571.980141,1540.540538,0
UNIUSDC,2025-06-16 13:30:00,2025-06-16 08:46:00,2025-06-16 12:44:00,7.64,9.168,7.4872,7.757,201.641432,23.592048,1.531414,4h Timeout,1540.540538,1564.132585,238
AAVEUSDC,2025-06-16 13:30:00,2025-06-16 08:32:00,2025-06-16 11:25:00,287.58,345.096,281.8284,281.8284,5.438948,-31.282652,-2.0,Stop Loss,1564.132585,1532.849934,173
SPKUSDT,2025-06-17 14:30:00,2025-06-17 09:01:00,2025-06-17 09:01:00,0.05858,0.070296,0.057408,0.057408,26166.779337,-30.656999,-2.0,Stop Loss (Same Candle),1532.849934,1502.192935,0
FUSDT,2025-06-18 17:30:00,2025-06-18 12:46:00,2025-06-18 12:46:00,0.009136,0.010963,0.008953,0.008953,164425.671509,-30.043859,-2.0,Stop Loss (Same Candle),1502.192935,1472.149076,0
MYXUSDT,2025-06-18 17:30:00,2025-06-18 12:31:00,2025-06-18 12:31:00,0.08073,0.096876,0.079115,0.079115,18235.464836,-29.442982,-2.0,Stop Loss (Same Candle),1472.149076,1442.706095,0
NEWTUSDT,2025-06-19 19:30:00,2025-06-19 14:31:00,2025-06-19 14:33:00,0.2412,0.28944,0.236376,0.28944,5981.368552,288.541219,20.0,Target Hit,1442.706095,1731.247314,2
DMCUSDT,2025-06-24 18:30:00,2025-06-24 13:01:00,2025-06-24 13:02:00,0.004124,0.004949,0.004042,0.004042,419798.087688,-34.624946,-2.0,Stop Loss,1731.247314,1696.622367,1
HUSDT,2025-06-25 14:30:00,2025-06-25 09:31:00,2025-06-25 09:31:00,0.0346,0.04152,0.033908,0.033908,49035.328536,-33.932447,-2.0,Stop Loss (Same Candle),1696.622367,1662.68992,0
OLUSDT,2025-06-25 16:30:00,2025-06-25 11:31:00,2025-06-25 13:05:00,0.034,0.0408,0.03332,0.03332,48902.644706,-33.253798,-2.0,Stop Loss,1662.68992,1629.436122,94
SAHARAUSDT,2025-06-26 17:30:00,2025-06-26 12:01:00,2025-06-26 12:06:00,0.13526,0.162312,0.132555,0.132555,12046.696153,-32.588722,-2.0,Stop Loss,1629.436122,1596.847399,5
BTCUSDT_251226,2025-06-27 13:30:00,2025-06-27 08:12:00,2025-06-27 08:12:00,113501.1,136201.32,111231.078,111231.078,0.014069,-31.936948,-2.0,Stop Loss (Same Candle),1596.847399,1564.910451,0
ETHUSDT_251226,2025-06-27 13:30:00,2025-06-27 08:11:00,2025-06-27 12:09:00,2460.0,2952.0,2410.8,2514.08,0.636142,34.402584,2.198374,4h Timeout,1564.910451,1599.313035,238
ICNTUSDT,2025-07-03 18:30:00,2025-07-03 13:01:00,2025-07-03 13:02:00,0.3445,0.4134,0.33761,0.4134,4642.4181,319.862607,20.0,Target Hit,1599.313035,1919.175643,1
IDOLUSDT,2025-07-04 14:30:00,2025-07-04 09:16:00,2025-07-04 09:16:00,0.01592,0.019104,0.015602,0.015602,120551.233825,-38.383513,-2.0,Stop Loss (Same Candle),1919.175643,1880.79213,0
BULLAUSDT,2025-07-04 14:30:00,2025-07-04 09:01:00,2025-07-04 09:01:00,0.115,0.138,0.1127,0.138,16354.714171,376.158426,20.0,Target Hit (Same Candle),1880.79213,2256.950556,0
MUSDT,2025-07-07 14:30:00,2025-07-07 09:31:00,2025-07-07 09:31:00,0.1584,0.19008,0.155232,0.155232,14248.425225,-45.139011,-2.0,Stop Loss (Same Candle),2256.950556,2211.811544,0
TANSSIUSDT,2025-07-09 16:30:00,2025-07-09 11:31:00,2025-07-09 11:31:00,0.05209,0.062508,0.051048,0.051048,42461.346601,-44.236231,-2.0,Stop Loss (Same Candle),2211.811544,2167.575314,0
PUMPUSDT,2025-07-10 12:30:00,2025-07-10 07:31:00,2025-07-10 07:31:00,0.00539,0.006468,0.005282,0.005282,402147.55354,-43.351506,-2.0,Stop Loss (Same Candle),2167.575314,2124.223807,0
AINUSDT,2025-07-10 15:30:00,2025-07-10 10:46:00,2025-07-10 12:10:00,0.08811,0.105732,0.086348,0.105732,24108.770938,424.844761,20.0,Target Hit,2124.223807,2549.068569,84
CROSSUSDT,2025-07-10 15:30:00,2025-07-10 10:31:00,2025-07-10 10:32:00,0.13019,0.156228,0.127586,0.127586,19579.603416,-50.981371,-2.0,Stop Loss,2549.068569,2498.087197,1
VELVETUSDT,2025-07-15 14:30:00,2025-07-15 09:16:00,2025-07-15 09:16:00,0.0794,0.09528,0.077812,0.077812,31462.055383,-49.961744,-2.0,Stop Loss (Same Candle),2498.087197,2448.125453,0
CUSDT,2025-07-15 14:30:00,2025-07-15 09:01:00,2025-07-15 09:09:00,0.18058,0.216696,0.176968,0.216696,13557.013254,489.625091,20.0,Target Hit,2448.125453,2937.750544,8
TACUSDT,2025-07-15 15:30:00,2025-07-15 10:31:00,2025-07-15 10:31:00,0.01907,0.022884,0.018689,0.018689,154050.893767,-58.755011,-2.0,Stop Loss (Same Candle),2937.750544,2878.995533,0
ERAUSDT,2025-07-17 20:30:00,2025-07-17 15:31:00,2025-07-17 15:31:00,1.227,1.4724,1.20246,1.20246,2346.369628,-57.579911,-2.0,Stop Loss (Same Candle),2878.995533,2821.415623,0
TAUSDT,2025-07-21 12:30:00,2025-07-21 07:31:00,2025-07-21 08:35:00,0.1569,0.18828,0.153762,0.153762,17982.253809,-56.428312,-2.0,Stop Loss,2821.415623,2764.98731,64
PENGUUSDC,2025-07-23 12:30:00,2025-07-23 07:31:00,2025-07-23 08:25:00,0.044243,0.053092,0.043358,0.043358,62495.47522,-55.299746,-2.0,Stop Loss,2764.98731,2709.687564,54
CVXUSDT,2025-07-23 16:30:00,2025-07-23 11:31:00,2025-07-23 11:35:00,4.97,5.964,4.8706,4.8706,545.208765,-54.193751,-2.0,Stop Loss,2709.687564,2655.493813,4
SLPUSDT,2025-07-23 16:30:00,2025-07-23 11:46:00,2025-07-23 11:47:00,0.002462,0.002954,0.002413,0.002413,1078592.125368,-53.109876,-2.0,Stop Loss,2655.493813,2602.383936,1
ZORAUSDT,2025-07-25 16:30:00,2025-07-25 11:01:00,2025-07-25 11:04:00,0.0428,0.05136,0.041944,0.041944,60803.363,-52.047679,-2.0,Stop Loss,2602.383936,2550.336258,3
TAGUSDT,2025-07-25 16:30:00,2025-07-25 11:16:00,2025-07-25 11:19:00,0.000603,0.000724,0.000591,0.000591,4229413.362645,-51.006725,-2.0,Stop Loss,2550.336258,2499.329533,3
ZRCUSDT,2025-07-29 14:30:00,2025-07-29 09:46:00,2025-07-29 09:46:00,0.03681,0.044172,0.036074,0.036074,67898.11281,-49.986591,-2.0,Stop Loss (Same Candle),2499.329533,2449.342942,0
ESPORTSUSDT,2025-07-29 15:30:00,2025-07-29 10:01:00,2025-07-29 10:01:00,0.1602,0.19224,0.156996,0.156996,15289.281784,-48.986859,-2.0,Stop Loss (Same Candle),2449.342942,2400.356083,0
TREEUSDT,2025-07-29 19:30:00,2025-07-29 14:01:00,2025-07-29 14:01:00,1.2479,1.49748,1.222942,1.222942,1923.516374,-48.007122,-2.0,Stop Loss (Same Candle),2400.356083,2352.348961,0
A2ZUSDT,2025-07-30 13:30:00,2025-07-30 08:01:00,2025-07-30 08:01:00,0.00557,0.006684,0.005459,0.005459,422324.768649,-47.046979,-2.0,Stop Loss (Same Candle),2352.348961,2305.301982,0
PLAYUSDT,2025-07-31 14:30:00,2025-07-31 09:31:00,2025-07-31 09:34:00,0.03525,0.0423,0.034545,0.034545,65398.637791,-46.10604,-2.0,Stop Loss,2305.301982,2259.195943,3
NAORISUSDT,2025-07-31 17:30:00,2025-07-31 12:31:00,2025-07-31 12:31:00,0.0594,0.07128,0.058212,0.058212,38033.601726,-45.183919,-2.0,Stop Loss (Same Candle),2259.195943,2214.012024,0
TOWNSUSDT,2025-08-05 19:30:00,2025-08-05 14:31:00,2025-08-05 14:31:00,0.0422,0.05064,0.041356,0.041356,52464.739897,-44.28024,-2.0,Stop Loss (Same Candle),2214.012024,2169.731783,0
PROVEUSDT,2025-08-05 22:30:00,2025-08-05 17:01:00,2025-08-05 17:02:00,0.5292,0.63504,0.518616,0.63504,4100.022266,433.946357,20.0,Target Hit,2169.731783,2603.67814,1
ALLUSDT,2025-08-06 14:30:00,2025-08-06 09:31:00,2025-08-06 09:31:00,1.143,1.3716,1.12014,1.12014,2277.933631,-52.073563,-2.0,Stop Loss (Same Candle),2603.67814,2551.604577,0
INUSDT,2025-08-07 15:30:00,2025-08-07 10:31:00,2025-08-07 10:41:00,0.0718,0.08616,0.070364,0.08616,35537.668204,510.320915,20.0,Target Hit,2551.604577,3061.925492,10
CARVUSDT,2025-08-07 21:30:00,2025-08-07 16:46:00,2025-08-07 16:47:00,0.3064,0.36768,0.300272,0.300272,9993.229414,-61.23851,-2.0,Stop Loss,3061.925492,3000.686983,1
YALAUSDT,2025-08-07 21:30:00,2025-08-07 16:31:00,2025-08-07 16:35:00,0.2199,0.26388,0.215502,0.26388,13645.68887,600.137397,20.0,Target Hit,3000.686983,3600.824379,4
XNYUSDT,2025-08-13 16:30:00,2025-08-13 11:46:00,2025-08-13 11:46:00,0.014865,0.017838,0.014568,0.014568,242235.074274,-72.016488,-2.0,Stop Loss (Same Candle),3600.824379,3528.807892,0
AIOUSDT,2025-08-13 16:30:00,2025-08-13 11:31:00,2025-08-13 11:31:00,0.10394,0.124728,0.101861,0.101861,33950.431898,-70.576158,-2.0,Stop Loss (Same Candle),3528.807892,3458.231734,0
USELESSUSDT,2025-08-15 17:30:00,2025-08-15 12:16:00,2025-08-15 14:35:00,0.3116,0.37392,0.305368,0.305368,11098.304665,-69.164635,-2.0,Stop Loss,3458.231734,3389.067099,139
DAMUSDT,2025-08-18 17:30:00,2025-08-18 12:31:00,2025-08-18 13:41:00,0.10527,0.126324,0.103165,0.126324,32194.044828,677.81342,20.0,Target Hit,3389.067099,4066.880519,70
CUDISUSDT,2025-08-20 16:30:00,2025-08-20 11:16:00,2025-08-20 11:16:00,0.11749,0.140988,0.11514,0.11514,34614.695028,-81.33761,-2.0,Stop Loss (Same Candle),4066.880519,3985.542908,0
SAPIENUSDT,2025-08-20 22:30:00,2025-08-20 17:31:00,2025-08-20 17:33:00,0.18915,0.22698,0.185367,0.185367,21070.805754,-79.710858,-2.0,Stop Loss,3985.542908,3905.83205,2
XPLUSDT,2025-08-22 14:30:00,2025-08-22 09:31:00,2025-08-22 09:31:00,0.4114,0.49368,0.403172,0.403172,9494.001094,-78.116641,-2.0,Stop Loss (Same Candle),3905.83205,3827.715409,0
WLFIUSDT,2025-08-23 13:30:00,2025-08-23 08:31:00,2025-08-23 08:32:00,0.4444,0.53328,0.435512,0.435512,8613.220993,-76.554308,-2.0,Stop Loss,3827.715409,3751.161101,1
BIOUSDC,2025-08-25 12:30:00,2025-08-25 07:16:00,2025-08-25 08:20:00,0.2385,0.2862,0.23373,0.23373,15728.138789,-75.023222,-2.0,Stop Loss,3751.161101,3676.137879,64
SOMIUSDT,2025-08-25 14:30:00,2025-08-25 09:31:00,2025-08-25 09:31:00,0.931,1.1172,0.91238,0.91238,3948.590633,-73.522758,-2.0,Stop Loss (Same Candle),3676.137879,3602.615121,0
BASUSDT,2025-08-26 18:30:00,2025-08-26 13:31:00,2025-08-26 13:31:00,0.01394,0.016728,0.013661,0.013661,258437.239704,-72.052302,-2.0,Stop Loss (Same Candle),3602.615121,3530.562819,0
BTRUSDT,2025-08-27 15:30:00,2025-08-27 10:31:00,2025-08-27 10:47:00,0.12656,0.151872,0.124029,0.124029,27896.356029,-70.611256,-2.0,Stop Loss,3530.562819,3459.951563,16
MITOUSDT,2025-08-28 21:30:00,2025-08-28 16:31:00,2025-08-28 16:31:00,0.10349,0.124188,0.10142,0.10142,33432.713911,-69.199031,-2.0,Stop Loss (Same Candle),3459.951563,3390.752531,0
HEMIUSDT,2025-08-29 09:30:00,2025-08-29 04:31:00,2025-08-29 04:31:00,0.025778,0.030934,0.025262,0.025262,131536.679781,-67.815051,-2.0,Stop Loss (Same Candle),3390.752531,3322.937481,0
LINEAUSDT,2025-09-01 13:30:00,2025-09-01 08:31:00,2025-09-01 08:34:00,0.05025,0.0603,0.049245,0.049245,66128.10907,-66.45875,-2.0,Stop Loss,3322.937481,3256.478731,3
QUSDT,2025-09-02 12:30:00,2025-09-02 07:31:00,2025-09-02 07:31:00,0.009561,0.011473,0.00937,0.00937,340600.222901,-65.129575,-2.0,Stop Loss (Same Candle),3256.478731,3191.349157,0
ARIAUSDT,2025-09-03 16:30:00,2025-09-03 11:01:00,2025-09-03 11:10:00,0.11659,0.139908,0.114258,0.139908,27372.408925,638.269831,20.0,Target Hit,3191.349157,3829.618988,9
TAKEUSDT,2025-09-03 16:30:00,2025-09-03 11:16:00,2025-09-03 11:16:00,0.1392,0.16704,0.136416,0.136416,27511.63066,-76.59238,-2.0,Stop Loss (Same Candle),3829.618988,3753.026608,0
PTBUSDT,2025-09-03 17:30:00,2025-09-03 12:31:00,2025-09-03 12:42:00,0.02563,0.030756,0.025117,0.025117,146431.003047,-75.060532,-2.0,Stop Loss,3753.026608,3677.966076,11
WLFIUSDC,2025-09-08 13:30:00,2025-09-08 08:31:00,2025-09-08 12:29:00,0.2065,0.2478,0.20237,0.2144,17810.973733,140.706692,3.825666,4h Timeout,3677.966076,3818.672768,238
OPENUSDT,2025-09-08 18:30:00,2025-09-08 13:01:00,2025-09-08 13:01:00,0.678,0.8136,0.66444,0.66444,5632.26072,-76.373455,-2.0,Stop Loss (Same Candle),3818.672768,3742.299313,0
FLOCKUSDT,2025-09-09 11:30:00,2025-09-09 06:49:00,2025-09-09 06:51:00,0.4749,0.56988,0.465402,0.465402,7880.183856,-74.845986,-2.0,Stop Loss,3742.299313,3667.453327,2
SKYUSDT,2025-09-09 12:30:00,2025-09-09 07:01:00,2025-09-09 10:59:00,0.07199,0.086388,0.07055,0.0742,50943.927306,112.586079,3.069871,4h Timeout,3667.453327,3780.039406,238
AVNTUSDT,2025-09-09 20:30:00,2025-09-09 15:01:00,2025-09-09 15:01:00,0.2766,0.33192,0.271068,0.271068,13666.086067,-75.600788,-2.0,Stop Loss (Same Candle),3780.039406,3704.438618,0
HOLOUSDT,2025-09-11 17:30:00,2025-09-11 12:01:00,2025-09-11 12:01:00,0.5738,0.68856,0.562324,0.562324,6455.975284,-74.088772,-2.0,Stop Loss (Same Candle),3704.438618,3630.349846,0
XPINUSDT,2025-09-12 13:30:00,2025-09-12 08:01:00,2025-09-12 08:01:00,0.001867,0.00224,0.001829,0.001829,1944899.735162,-72.606997,-2.0,Stop Loss (Same Candle),3630.349846,3557.742849,0
UBUSDT,2025-09-12 15:30:00,2025-09-12 10:31:00,2025-09-12 10:31:00,0.01864,0.022368,0.018267,0.018267,190866.032658,-71.154857,-2.0,Stop Loss (Same Candle),3557.742849,3486.587992,0
ZKCUSDT,2025-09-15 19:30:00,2025-09-15 14:01:00,2025-09-15 14:01:00,1.2819,1.53828,1.256262,1.256262,2719.859577,-69.73176,-2.0,Stop Loss (Same Candle),3486.587992,3416.856232,0
